timestamp	speedify_state	srt_route_dev	rtmp_route_dev	primary_rule_count	guard_rule_count	kill_switch	camera_flow_count	connectify_rx_bytes	connectify_tx_bytes	eth0_rx_bytes	eth0_tx_bytes	rmnet_rx_bytes	rmnet_tx_bytes	wireguard_handshake_age_seconds	load1	mem_available_kb	speedify_rss_kb	streaming_stats_process_count
2026-07-13T12:37:09Z	CONNECTED	connectify0	connectify0	2	2	active	4	3777325	339876240	4733364911	83430411897	10617656944	136014436045	-1	1.24	189208	43816	0
2026-07-13T12:38:09Z	CONNECTED	connectify0	connectify0	2	2	active	4	5221235	468223557	4737638638	83541252295	10625368876	136128769813	-1	1.65	189788	43880	0
2026-07-13T12:39:09Z	CONNECTED	connectify0	connectify0	2	2	active	4	6662636	594152741	4741912234	83647956386	10637669796	136250926202	-1	1.92	188288	44684	0
2026-07-13T12:40:09Z	CONNECTED	connectify0	connectify0	2	2	active	4	8107200	721220857	4746153222	83760180193	10658861180	136367632288	-1	1.59	188088	44788	0
2026-07-13T12:41:09Z	CONNECTED	connectify0	connectify0	2	2	active	4	9554059	847264400	4750404474	83875729404	10683856772	136479399777	-1	1.32	187376	45052	0
2026-07-13T12:42:10Z	CONNECTED	connectify0	connectify0	2	2	active	4	10992104	974360342	4754674651	83992638867	10703716656	136588881853	-1	1.18	187272	45060	0
2026-07-13T12:43:10Z	CONNECTED	connectify0	connectify0	2	2	active	4	12431616	1101873766	4758965880	84111925946	10725947776	136697805683	-1	0.86	187172	45072	0
2026-07-13T12:44:10Z	CONNECTED	connectify0	connectify0	2	2	active	4	13898166	1228793534	4763293514	84232482580	10742841728	136808128623	-1	2.04	186696	45236	0
2026-07-13T12:45:11Z	CONNECTED	connectify0	connectify0	2	2	active	5	15678335	1387416267	4768480668	84345103884	10760173684	136948575075	-1	2.08	186572	45420	0
2026-07-13T12:46:11Z	CONNECTED	connectify0	connectify0	2	2	active	5	17751374	1561613808	4774098198	84459725016	10772987172	137104285018	-1	2.15	186364	45668	0
2026-07-13T12:47:11Z	CONNECTED	connectify0	connectify0	2	2	active	5	19845470	1729475088	4780090499	84490749900	10785204564	137334324168	-1	1.91	185748	45668	0
2026-07-13T12:48:11Z	CONNECTED	connectify0	connectify0	2	2	active	5	21922489	1938860976	4786328756	84519959080	10794088812	137579575251	-1	1.77	186012	45668	0
2026-07-13T12:49:12Z	CONNECTED	connectify0	connectify0	2	2	active	5	23961347	2115685043	4792572425	84538079950	10803953624	137837612864	-1	1.82	185848	45668	0
2026-07-13T12:50:12Z	CONNECTED	connectify0	connectify0	2	2	active	5	26025809	2296498047	4798796214	84550937104	10817409444	138102111323	-1	2.23	185784	45668	0
2026-07-13T12:51:12Z	CONNECTED	connectify0	connectify0	2	2	active	5	28086039	2461583302	4804883014	84563894483	10847566536	138349602816	-1	1.86	184284	45668	0
2026-07-13T12:52:13Z	CONNECTED	connectify0	connectify0	2	2	active	5	30079622	2633908115	4810615216	84617506615	10858188388	138547118199	-1	2.73	187612	46132	0
2026-07-13T12:53:13Z	CONNECTED	connectify0	connectify0	2	2	active	5	32094725	2783456473	4816368358	84649644897	10870747320	138763368939	-1	1.84	186916	46132	0
2026-07-13T12:54:13Z	CONNECTED	connectify0	connectify0	2	2	active	5	34204132	2933234361	4822420956	84660464021	10879990976	139001774952	-1	1.99	187052	46312	0
2026-07-13T12:55:14Z	CONNECTED	connectify0	connectify0	2	2	active	5	36328687	3082443083	4828553163	84671105759	10888869080	139236948571	-1	2.03	186680	46312	0
2026-07-13T12:56:14Z	CONNECTED	connectify0	connectify0	2	2	active	5	38430487	3235152323	4834647905	84682894071	10900264660	139473794771	-1	2.23	186868	46312	0
2026-07-13T12:57:14Z	CONNECTED	connectify0	connectify0	2	2	active	5	40500116	3395273728	4840694333	84706254785	10910056076	139701518063	-1	2.13	186556	46312	0
2026-07-13T12:58:14Z	CONNECTED	connectify0	connectify0	2	2	active	5	42523398	3549374683	4846352470	84776756711	10923238024	139883954396	-1	1.43	186492	46312	0
2026-07-13T12:59:15Z	CONNECTED	connectify0	connectify0	2	2	active	5	44525243	3703885746	4852086756	84839799573	10944749556	140075437664	-1	2.16	185808	46312	0
2026-07-13T13:00:15Z	CONNECTED	connectify0	connectify0	2	2	active	7	46533844	3856434915	4857773638	84888783917	10966084716	140278910148	-1	1.88	186128	46312	0
2026-07-13T13:01:15Z	CONNECTED	connectify0	connectify0	2	2	active	11	48522650	4010067080	4863427421	84941012445	10992269308	140478666384	-1	2.27	185480	46312	0
2026-07-13T13:02:16Z	CONNECTED	connectify0	connectify0	2	2	active	11	50683637	4169863770	4869592020	84957405613	11004819092	140715412694	-1	2.62	185872	46312	0
2026-07-13T13:03:16Z	CONNECTED	connectify0	connectify0	2	2	active	9	52865595	4351978506	4875502775	85024165523	11016605212	140904163431	-1	3.16	185268	46396	0
2026-07-13T13:04:16Z	CONNECTED	connectify0	connectify0	2	2	active	5	54901535	4504828210	4881209254	85095045208	11034632536	141088174347	-1	3.57	185280	46544	0
2026-07-13T13:05:17Z	CONNECTED	connectify0	connectify0	2	2	active	5	57139545	4688985796	4887303693	85117518493	11053409976	141341023257	-1	3.54	184876	46544	0
2026-07-13T13:06:17Z	CONNECTED	connectify0	connectify0	2	2	active	5	59185611	4874541381	4893311990	85176375760	11066985580	141559798075	-1	3.68	184752	46544	0
2026-07-13T13:07:17Z	CONNECTED	connectify0	connectify0	2	2	active	5	61343793	5092192134	4899397800	85249324546	11079534472	141769255538	-1	3.66	183268	46632	0
2026-07-13T13:08:17Z	CONNECTED	connectify0	connectify0	2	2	active	5	63347375	5271212292	4905182567	85358124996	11099154928	141940529676	-1	3.55	184132	46856	0
2026-07-13T13:09:18Z	CONNECTED	connectify0	connectify0	2	2	active	5	65481815	5456253230	4911448513	85382754404	11107846360	142180400185	-1	3.51	183284	46888	0
2026-07-13T13:10:19Z	CONNECTED	connectify0	connectify0	2	2	active	5	68619314	5635330507	4919461452	85402514282	11123104492	142439053556	-1	4.11	183584	46888	0
2026-07-13T13:12:15Z	CONNECTED	connectify0	connectify0	2	2	active	5	74320378	5981030653	4934031536	85436208914	11164332568	142926414958	-1	3.80	183636	46888	0
2026-07-13T13:13:15Z	CONNECTED	connectify0	connectify0	2	2	active	5	77645853	6144531358	4941864293	85478002407	11187265360	143136638570	-1	3.46	183488	46888	0
2026-07-13T13:14:15Z	CONNECTED	connectify0	connectify0	2	2	active	5	81242627	6295270343	4950094958	85532962887	11201131072	143331221415	-1	3.86	183156	46992	0
2026-07-13T13:15:16Z	CONNECTED	connectify0	connectify0	2	2	active	5	84370605	6450221361	4957692265	85557118153	11219883704	143556769125	-1	3.16	182060	46992	0
2026-07-13T13:16:16Z	CONNECTED	connectify0	connectify0	2	2	active	5	87847536	6605306073	4965681301	85590027232	11245134412	143773550680	-1	3.04	182924	46992	0
2026-07-13T13:17:16Z	CONNECTED	connectify0	connectify0	2	2	active	5	90875025	6755032734	4973233081	85605878471	11254644040	144004377546	-1	2.79	182720	46992	0
2026-07-13T13:18:17Z	CONNECTED	connectify0	connectify0	2	2	active	5	93826818	6908481888	4980673824	85620453290	11268429072	144240468228	-1	2.91	182668	46992	0
2026-07-13T13:19:17Z	CONNECTED	connectify0	connectify0	2	2	active	5	96637371	7061260569	4987832036	85633169852	11278638012	144477405811	-1	3.36	182068	46992	0
2026-07-13T13:20:17Z	CONNECTED	connectify0	connectify0	2	2	active	5	99419548	7213535544	4995045480	85643581752	11293581104	144717517080	-1	2.73	182152	46992	0
2026-07-13T13:21:17Z	CONNECTED	connectify0	connectify0	2	2	active	5	102295087	7390118507	5001895707	85711556443	11302646660	144906000455	-1	2.33	181476	47076	0
2026-07-13T13:22:18Z	CONNECTED	connectify0	connectify0	2	2	active	5	107240013	7543183850	5011978150	85795066771	11311999096	145076511089	-1	2.73	181136	47160	0
2026-07-13T13:23:18Z	CONNECTED	connectify0	connectify0	2	2	active	5	111549588	7693883572	5021069128	85824359803	11319396448	145294761655	-1	2.70	180448	47160	0
2026-07-13T13:24:18Z	CONNECTED	connectify0	connectify0	2	2	active	5	115245556	7845428813	5029283289	85839933706	11330781672	145528421623	-1	3.27	180784	47268	0
2026-07-13T13:25:19Z	CONNECTED	connectify0	connectify0	2	2	active	5	120127394	7999062181	5039072537	85876673062	11346481908	145739784556	-1	3.30	179912	47268	0
2026-07-13T13:26:19Z	CONNECTED	connectify0	connectify0	2	2	active	5	123744098	8149236299	5047275384	85889141950	11358301492	145974534965	-1	3.52	179904	47268	0
2026-07-13T13:27:19Z	CONNECTED	connectify0	connectify0	2	2	active	5	128436526	8311595621	5056966284	85942496001	11366677276	146170285824	-1	2.57	180488	47268	0
2026-07-13T13:28:21Z	CONNECTED	connectify0	connectify0	2	2	active	5	133118237	8476295412	5066590016	85965637441	11396424716	146405990654	-1	2.39	179236	47268	0
2026-07-13T13:29:22Z	CONNECTED	connectify0	connectify0	2	2	active	5	138120140	8640973561	5076564378	86000471115	11403467036	146624444108	-1	2.86	180372	47268	0
2026-07-13T13:30:22Z	CONNECTED	connectify0	connectify0	2	2	active	5	142385516	8792037100	5085586492	86020696045	11413704224	146853460725	-1	2.71	180820	47268	0
2026-07-13T13:31:22Z	CONNECTED	connectify0	connectify0	2	2	active	5	146583690	8962936897	5094573663	86040879119	11473257472	147081751788	-1	2.14	180076	47268	0
2026-07-13T13:32:22Z	CONNECTED	connectify0	connectify0	2	2	active	5	150475829	9119500271	5102910556	86127456708	11483856344	147249588779	-1	2.37	180544	47268	0
2026-07-13T13:33:23Z	CONNECTED	connectify0	connectify0	2	2	inactive	5	154187073	9271309850	5111433139	86262862548	11494453228	147366086650	-1	2.17	179992	47268	0
2026-07-13T13:34:23Z	CONNECTED	connectify0	connectify0	2	2	active	5	158966919	9424020837	5121500128	86365250472	11509842028	147517077125	-1	2.27	179840	47364	0
2026-07-13T13:35:24Z	CONNECTED	connectify0	connectify0	2	2	active	5	163722998	9576446216	5131197426	86401838940	11522128764	147728417939	-1	2.42	178640	47384	0
2026-07-13T13:36:24Z	CONNECTED	connectify0	connectify0	2	2	active	5	168320005	9751146992	5140163544	86433562841	11581473024	147948290838	-1	2.91	179704	47420	0
2026-07-13T13:37:25Z	CONNECTED	connectify0	connectify0	2	2	active	5	173266970	9907188049	5150059615	86472457806	11594055560	148161666902	-1	2.25	178908	47420	0
2026-07-13T13:38:25Z	CONNECTED	connectify0	connectify0	2	2	active	5	177196820	10071048149	5158452287	86487834302	11611380996	148397927886	-1	2.41	179172	47420	0
2026-07-13T13:39:26Z	CONNECTED	connectify0	connectify0	2	2	active	5	181426898	10229340943	5167469959	86509867842	11626354164	148626903064	-1	2.34	178432	47420	0
2026-07-13T13:40:26Z	CONNECTED	connectify0	connectify0	2	2	active	5	186114021	10382239238	5177106776	86541568638	11647232664	148849247983	-1	3.22	179052	47420	0
2026-07-13T13:41:27Z	CONNECTED	connectify0	connectify0	2	2	active	5	190065216	10532438214	5185746702	86556837223	11666887788	149084230166	-1	2.89	178128	47420	0
2026-07-13T13:42:27Z	CONNECTED	connectify0	connectify0	2	2	active	5	193714715	10682597367	5194036926	86570007893	11679250600	149319300002	-1	2.07	178304	47420	0
2026-07-13T13:43:27Z	CONNECTED	connectify0	connectify0	2	2	active	5	197792570	10840582910	5202952018	86588345304	11695493544	149555033300	-1	2.14	177896	47420	0
2026-07-13T13:44:28Z	CONNECTED	connectify0	connectify0	2	2	active	5	202432829	11006431450	5212571643	86644541071	11705337284	149751003601	-1	2.12	178244	47472	0
2026-07-13T13:45:29Z	CONNECTED	connectify0	connectify0	2	2	active	5	207486978	11157208811	5222852226	86732367704	11716324084	149915197613	-1	2.87	179556	45456	0
2026-07-13T13:46:29Z	CONNECTED	connectify0	connectify0	2	2	active	5	212422142	11311148114	5232900672	86777005599	11732385780	150122495309	-1	2.35	179716	45456	0
2026-07-13T13:47:29Z	CONNECTED	connectify0	connectify0	2	2	active	5	217439495	11473825753	5242964945	86817987971	11751730124	150332846972	-1	2.56	179124	45456	0
2026-07-13T13:48:30Z	CONNECTED	connectify0	connectify0	2	2	active	5	220438347	11629058982	5249353562	86923523512	11819468560	150479355612	-1	1.97	179500	45456	0
2026-07-13T13:49:30Z	CONNECTED	connectify0	connectify0	2	2	active	5	222527990	11779507988	5254044428	87086057160	11838003656	150567802756	-1	2.09	178944	45456	0
2026-07-13T13:50:30Z	CONNECTED	connectify0	connectify0	2	2	active	5	224630616	11932000617	5258788369	87249177406	11853891064	150655673414	-1	1.85	179208	45456	0
2026-07-13T13:51:31Z	CONNECTED	connectify0	connectify0	2	2	active	5	226722984	12081732920	5263501787	87411464529	11865953980	150741934820	-1	1.96	179300	45456	0
2026-07-13T13:52:31Z	CONNECTED	connectify0	connectify0	2	2	active	5	231240912	12235415622	5272654525	87473571202	11879132704	150928783344	-1	2.29	182448	45516	0
2026-07-13T13:53:31Z	CONNECTED	connectify0	connectify0	2	2	active	5	235973712	12393898515	5282323465	87499318390	11897138360	151152165073	-1	2.01	181740	45516	0
2026-07-13T13:54:32Z	CONNECTED	connectify0	connectify0	2	2	active	5	240495393	12561781693	5291738811	87524083917	11918930016	151376164394	-1	2.04	181376	45628	0
2026-07-13T13:55:33Z	CONNECTED	connectify0	connectify0	2	2	active	5	243986429	12731486070	5299953602	87664007027	11937195228	151492877379	-1	1.75	181772	45628	0
2026-07-13T13:56:33Z	CONNECTED	connectify0	connectify0	2	2	active	5	248680930	12881815025	5309789634	87763941308	11953487620	151644171307	-1	2.38	182080	45628	0
2026-07-13T13:57:33Z	CONNECTED	connectify0	connectify0	2	2	active	5	253622665	13030477001	5319639010	87814217702	11967634236	151842315156	-1	2.23	181284	45628	0
2026-07-13T13:58:34Z	CONNECTED	connectify0	connectify0	2	2	active	5	257464903	13181039960	5328200904	87827442861	11982503516	152076430378	-1	1.90	181920	45628	0
2026-07-13T13:59:34Z	CONNECTED	connectify0	connectify0	2	2	active	5	262176084	13340328623	5337834140	87856868560	11996462008	152296050845	-1	2.09	181080	45628	0
2026-07-13T14:00:34Z	CONNECTED	connectify0	connectify0	2	2	active	5	266346301	13490202033	5346645327	87876415133	12005455812	152522849344	-1	2.05	180952	45628	0
2026-07-13T14:01:35Z	CONNECTED	connectify0	connectify0	2	2	active	5	270232262	13648481951	5355342788	87891598835	12016211872	152758349163	-1	2.00	180344	45628	0
2026-07-13T14:02:35Z	CONNECTED	connectify0	connectify0	2	2	active	5	274235662	13796619479	5363898057	87906779533	12022991880	152986357472	-1	2.22	180340	45628	0
2026-07-13T14:03:35Z	CONNECTED	connectify0	connectify0	2	2	active	5	277787001	13962481926	5371989187	88003040736	12030629480	153136912180	-1	1.88	180188	45628	0
2026-07-13T14:04:35Z	CONNECTED	connectify0	connectify0	2	2	active	5	281788228	14111370592	5380919932	88131683151	12039083540	153256515108	-1	2.12	180716	45644	0
2026-07-13T14:05:36Z	CONNECTED	connectify0	connectify0	2	2	active	5	285887962	14260063756	5389954279	88257168037	12048899416	153381466102	-1	2.56	179736	45644	0
2026-07-13T14:06:36Z	CONNECTED	connectify0	connectify0	2	2	active	5	289998381	14411168872	5399041106	88385371883	12064754476	153505698660	-1	3.06	180484	45644	0
2026-07-13T14:07:37Z	CONNECTED	connectify0	connectify0	2	2	active	5	294388165	14561032881	5408516035	88503778355	12084132092	153638061213	-1	3.09	179772	45644	0
2026-07-13T14:08:37Z	CONNECTED	connectify0	connectify0	2	2	active	5	299221343	14711204789	5418437545	88600130144	12096420956	153790429826	-1	2.65	179892	45644	0
2026-07-13T14:09:38Z	CONNECTED	connectify0	connectify0	2	2	active	5	302727792	14865705443	5426282509	88618695010	12106868708	154017465996	-1	2.30	179364	45644	0
2026-07-13T14:10:38Z	CONNECTED	connectify0	connectify0	2	2	active	5	306591929	15014952166	5434717095	88634415510	12119940936	154246812946	-1	2.45	179484	45644	0
2026-07-13T14:11:38Z	CONNECTED	connectify0	connectify0	2	2	active	5	309646634	15163421957	5442143736	88643136059	12131345908	154483069766	-1	2.29	179240	45644	0
2026-07-13T14:12:38Z	CONNECTED	connectify0	connectify0	2	2	active	5	313278299	15326541089	5450339148	88660253465	12140959272	154711659959	-1	1.83	178772	45644	0
2026-07-13T14:13:39Z	CONNECTED	connectify0	connectify0	2	2	active	5	317866781	15476184425	5459650193	88688455210	12155876812	154931941449	-1	2.57	178600	45644	0
2026-07-13T14:14:39Z	CONNECTED	connectify0	connectify0	2	2	active	5	322285390	15658602738	5468379755	88743654223	12267726280	155124085443	-1	2.13	179052	45704	0
2026-07-13T14:15:39Z	CONNECTED	connectify0	connectify0	2	2	active	5	327150551	15809083335	5478040796	88778471588	12275487056	155334410426	-1	2.00	178060	45704	0
2026-07-13T14:16:40Z	CONNECTED	connectify0	connectify0	2	2	active	5	331541164	15956931079	5487025869	88797952002	12293962728	155561319868	-1	2.38	178392	45704	0
2026-07-13T14:17:40Z	CONNECTED	connectify0	connectify0	2	2	active	5	335444399	16105665146	5495398399	88812199896	12313279576	155793582329	-1	2.37	177688	45704	0
2026-07-13T14:18:40Z	CONNECTED	connectify0	connectify0	2	2	active	5	339315856	16255496153	5503881933	88826904636	12331768144	156025496581	-1	2.66	178248	45704	0
2026-07-13T14:19:41Z	CONNECTED	connectify0	connectify0	2	2	active	5	343672507	16421584568	5513121126	88894122803	12350055812	156211433342	-1	3.11	176952	45704	0
2026-07-13T14:20:42Z	CONNECTED	connectify0	connectify0	2	2	active	5	348594402	16572086596	5523138543	88992988142	12367489984	156365020367	-1	3.35	178164	45704	0
2026-07-13T14:21:43Z	CONNECTED	connectify0	connectify0	2	2	active	5	353728358	16724325886	5533287613	89048196771	12387481740	156558673771	-1	3.11	177856	45704	0
2026-07-13T14:22:43Z	CONNECTED	connectify0	connectify0	2	2	active	5	358693136	16885194412	5543223908	89087022521	12406882544	156772154972	-1	2.97	177632	45704	0
2026-07-13T14:23:44Z	CONNECTED	connectify0	connectify0	2	2	active	5	363436332	17033027381	5552593633	89110673344	12424756960	156995929948	-1	3.09	176656	45704	0
2026-07-13T14:24:44Z	CONNECTED	connectify0	connectify0	2	2	active	5	367596176	17194230540	5561481394	89209432940	12436689456	157147855261	-1	2.82	176036	45708	0
2026-07-13T14:25:45Z	CONNECTED	connectify0	connectify0	2	2	active	5	371030600	17346043928	5569458493	89354251295	12451783692	157258932172	-1	2.31	176956	45708	0
2026-07-13T14:26:45Z	CONNECTED	connectify0	connectify0	2	2	active	5	375134959	17495021153	5578486950	89478663774	12467021616	157383778548	-1	2.44	177360	45708	0
2026-07-13T14:27:45Z	CONNECTED	connectify0	connectify0	2	2	active	5	379942209	17644245650	5588391355	89580180442	12478351748	157532110395	-1	2.10	176928	45708	0
2026-07-13T14:28:46Z	CONNECTED	connectify0	connectify0	2	2	active	5	384429839	17796553754	5597638399	89619996918	12485411680	157740712999	-1	2.21	177140	45708	0
2026-07-13T14:29:46Z	CONNECTED	connectify0	connectify0	2	2	active	5	388074845	17954016804	5605819518	89633416975	12492364464	157974015240	-1	2.21	176624	45708	0
2026-07-13T14:30:46Z	CONNECTED	connectify0	connectify0	2	2	active	5	391924022	18109670387	5614107765	89653436820	12498787952	158200969037	-1	2.62	176804	45708	0
2026-07-13T14:31:47Z	CONNECTED	connectify0	connectify0	2	2	active	5	396088312	18262080372	5622877386	89674299991	12504930608	158424836601	-1	2.47	176292	45708	0
2026-07-13T14:32:47Z	CONNECTED	connectify0	connectify0	2	2	active	5	399772985	18419489485	5631150320	89756958205	12513663464	158589198714	-1	2.08	176476	45708	0
2026-07-13T14:33:47Z	CONNECTED	connectify0	connectify0	2	2	active	5	402990710	18568210188	5638366263	89905352497	12523687488	158689649942	-1	2.44	173184	45708	0
2026-07-13T14:34:48Z	CONNECTED	connectify0	connectify0	2	2	active	5	406078569	18722447053	5645110774	90053542312	12529998136	158798092019	-1	1.93	175868	45804	0
2026-07-13T14:35:48Z	CONNECTED	connectify0	connectify0	2	2	active	5	410612438	18870691581	5654624885	90165390131	12537351832	158936509625	-1	2.06	175612	45804	0
2026-07-13T14:36:49Z	CONNECTED	connectify0	connectify0	2	2	active	5	415641166	19017465442	5664693068	90224584778	12548893380	159126901069	-1	2.84	175284	45804	0
2026-07-13T14:37:49Z	CONNECTED	connectify0	connectify0	2	2	active	5	419268290	19163247145	5672688867	90237721381	12559163764	159364579666	-1	2.41	174768	45836	0
2026-07-13T14:38:49Z	CONNECTED	connectify0	connectify0	2	2	active	5	423825922	19334787465	5682129142	90279575593	12566922972	159570718551	-1	2.65	175312	45836	0
2026-07-13T14:39:50Z	CONNECTED	connectify0	connectify0	2	2	active	5	429137484	19494577990	5692604574	90344682986	12584283432	159762468923	-1	3.05	173916	45836	0
2026-07-13T14:40:51Z	CONNECTED	connectify0	connectify0	2	2	active	5	434345616	19664319875	5702883267	90403746177	12592905560	159951350026	-1	3.56	174692	45836	0
2026-07-13T14:41:51Z	CONNECTED	connectify0	connectify0	2	2	active	5	438604462	19812413164	5712179156	90525764878	12601817964	160076933984	-1	4.30	175096	45836	0
2026-07-13T14:42:52Z	CONNECTED	connectify0	connectify0	2	2	active	5	442218916	19960190705	5720210809	90603725986	12610646692	160244980366	-1	4.52	174072	45836	0
2026-07-13T14:43:52Z	CONNECTED	connectify0	connectify0	2	2	active	5	445299277	20110679328	5727559072	90623524421	12618093308	160469483495	-1	4.15	174236	45836	0
2026-07-13T14:44:52Z	CONNECTED	connectify0	connectify0	2	2	active	5	448181333	20258898632	5734816867	90637471425	12623060024	160697872823	-1	3.20	174332	45892	0
2026-07-13T14:45:53Z	CONNECTED	connectify0	connectify0	2	2	active	5	451795533	20407995078	5742865152	90694427092	12627790404	160884197156	-1	3.14	174136	45892	0
2026-07-13T14:46:53Z	CONNECTED	connectify0	connectify0	2	2	active	5	455227071	20557822734	5750743067	90787945126	12637971280	161035394670	-1	2.85	173960	45892	0
2026-07-13T14:47:53Z	CONNECTED	connectify0	connectify0	2	2	active	5	458793569	20706547955	5758821608	90836695370	12645391764	161231212798	-1	3.25	173640	45892	0
2026-07-13T14:48:54Z	CONNECTED	connectify0	connectify0	2	2	active	5	462359697	20855403204	5766880425	90919891803	12650959996	161394988625	-1	3.28	173368	45892	0
2026-07-13T14:49:55Z	CONNECTED	connectify0	connectify0	2	2	active	5	465763826	21009868077	5774663313	91019020254	12660274332	161541620833	-1	4.09	173216	45892	0
2026-07-13T14:50:55Z	CONNECTED	connectify0	connectify0	2	2	active	5	468821166	21157311424	5781881034	91145130532	12665789856	161662012897	-1	3.13	173640	45892	0
2026-07-13T14:51:56Z	CONNECTED	connectify0	connectify0	2	2	active	5	471756003	21305233412	5788940995	91277421877	12673978532	161778077676	-1	3.09	173184	45892	0
2026-07-13T14:52:56Z	CONNECTED	connectify0	connectify0	2	2	active	5	475155461	21451878591	5796681083	91366008111	12679871244	161932954601	-1	3.14	175940	45896	0
2026-07-13T14:53:56Z	CONNECTED	connectify0	connectify0	2	2	active	5	477570605	21604842847	5803189709	91407048037	12684701536	162135107073	-1	2.76	176388	45896	0
2026-07-13T14:54:56Z	CONNECTED	connectify0	connectify0	2	2	active	5	479618838	21753667161	5809410692	91433151050	12690372116	162351139067	-1	2.73	175460	45940	0
2026-07-13T14:55:57Z	CONNECTED	connectify0	connectify0	2	2	active	5	481764590	21902905649	5815811950	91452185360	12699446744	162576515587	-1	2.59	175676	45940	0
2026-07-13T14:56:58Z	CONNECTED	connectify0	connectify0	2	2	active	5	483786114	22049276788	5821899357	91481671444	12705730160	162788663414	-1	1.82	175632	45940	0
2026-07-13T14:57:58Z	CONNECTED	connectify0	connectify0	2	2	active	5	485889932	22199547754	5828250511	91503118919	12711504012	163011698647	-1	2.04	175556	45940	0
2026-07-13T14:58:58Z	CONNECTED	connectify0	connectify0	2	2	active	5	487897874	22355187449	5834186127	91577523793	12717043096	163180515354	-1	1.96	175224	45940	0
2026-07-13T14:59:58Z	CONNECTED	connectify0	connectify0	2	2	active	5	489859360	22518246647	5840230204	91668680246	12723627516	163329451696	-1	2.40	174980	45940	0
2026-07-13T15:00:59Z	CONNECTED	connectify0	connectify0	2	2	active	5	491450983	22637212104	5846075818	91755729024	12728501700	163453238137	-1	1.73	172084	45940	0
2026-07-13T15:01:59Z	CONNECTED	connectify0	connectify0	2	2	active	5	493439415	22779077553	5851104696	91898961918	12733585680	163555658518	-1	1.79	173332	45956	0
2026-07-13T15:03:00Z	CONNECTED	connectify0	connectify0	2	2	active	5	495498420	22931561450	5856497468	92036221021	12739904940	163673571509	-1	2.04	174588	46012	0
2026-07-13T15:04:00Z	CONNECTED	connectify0	connectify0	2	2	active	5	497545433	23085417663	5862598685	92100180467	12748086124	163861087314	-1	2.16	171248	46012	0
2026-07-13T15:05:01Z	CONNECTED	connectify0	connectify0	2	2	active	5	499625543	23242474626	5868633216	92156814511	12757379332	164052528931	-1	2.03	171960	46068	0
2026-07-13T15:06:01Z	CONNECTED	connectify0	connectify0	2	2	active	5	501605017	23390475717	5874224164	92289137743	12776152700	164168160897	-1	2.12	172096	46068	0
2026-07-13T15:07:02Z	CONNECTED	connectify0	connectify0	2	2	active	5	503619858	23541777530	5880154504	92370614392	12800927284	164335033494	-1	1.89	171668	46068	0
2026-07-13T15:08:02Z	CONNECTED	connectify0	connectify0	2	2	active	5	505719937	23693446793	5886422949	92400186350	12819443780	164552099032	-1	2.10	171704	46068	0
2026-07-13T15:09:02Z	CONNECTED	connectify0	connectify0	2	2	active	5	507878602	23839973463	5892906674	92412044090	12836141868	164784593630	-1	2.12	171388	46068	0
2026-07-13T15:10:02Z	CONNECTED	connectify0	connectify0	2	2	active	5	510043295	23989120136	5899400323	92426392798	12854027992	165016238092	-1	1.82	171768	46068	0
2026-07-13T15:11:03Z	CONNECTED	connectify0	connectify0	2	2	active	5	512308365	24152992891	5905829333	92465814857	12868184852	165227637695	-1	2.32	170244	46068	0
2026-07-13T15:12:03Z	CONNECTED	connectify0	connectify0	2	2	active	5	515373548	24307109309	5913425713	92495211895	12881886808	165445458710	-1	2.90	171372	46068	0
2026-07-13T15:13:03Z	CONNECTED	connectify0	connectify0	2	2	active	5	518945991	24450164647	5921446467	92569441168	12893782256	165611491718	-1	2.76	170520	46068	0
2026-07-13T15:14:04Z	CONNECTED	connectify0	connectify0	2	2	active	6	522476212	24585566443	5929278812	92610520417	12909164740	165804640987	-1	2.23	170648	46068	0
2026-07-13T15:15:04Z	CONNECTED	connectify0	connectify0	2	2	active	6	525855731	24729659894	5937143335	92633578093	12918787344	166022207376	-1	2.33	170024	46068	0
2026-07-13T15:16:04Z	CONNECTED	connectify0	connectify0	2	2	active	6	528925274	24871396647	5944620489	92649271042	12925568848	166246222461	-1	1.88	170680	46068	0
2026-07-13T15:17:04Z	CONNECTED	connectify0	connectify0	2	2	active	5	531722808	25013529348	5951844314	92659227033	12938530268	166477032082	-1	2.07	169880	46068	0
2026-07-13T15:18:05Z	CONNECTED	connectify0	connectify0	2	2	active	5	534690428	25156345036	5959169638	92672581429	13069899636	166710404286	-1	2.03	170044	46068	0
2026-07-13T15:19:05Z	CONNECTED	connectify0	connectify0	2	2	active	5	538113463	25308520270	5967072175	92705383678	13084392356	166923258514	-1	1.92	169520	46068	0
2026-07-13T15:20:05Z	CONNECTED	connectify0	connectify0	2	2	active	5	541723225	25456949984	5975072408	92776477338	13092374356	167094395958	-1	2.55	169488	46068	0
2026-07-13T15:21:06Z	CONNECTED	connectify0	connectify0	2	2	active	5	545097625	25608280661	5982788163	92881478343	13096734396	167234418556	-1	2.12	169556	46068	0
2026-07-13T15:22:06Z	CONNECTED	connectify0	connectify0	2	2	active	5	548381146	25755943414	5990381391	92990473664	13101487616	167375689182	-1	2.12	169736	46068	0
2026-07-13T15:23:06Z	CONNECTED	connectify0	connectify0	2	2	active	5	551954805	25903109986	5998359563	93062633010	13107716096	167547482060	-1	2.21	169360	46068	0
2026-07-13T15:24:07Z	CONNECTED	connectify0	connectify0	2	2	active	5	555524410	26051605344	6006415157	93146394528	13112901624	167708851713	-1	2.31	169588	46068	0
2026-07-13T15:25:07Z	CONNECTED	connectify0	connectify0	2	2	active	5	559158944	26200562908	6014514791	93221304323	13120519848	167877232855	-1	1.69	168860	46072	0
2026-07-13T15:26:07Z	CONNECTED	connectify0	connectify0	2	2	active	5	562741015	26352017052	6022490544	93293387859	13132061172	168049294156	-1	2.44	168932	46072	0
2026-07-13T15:27:08Z	CONNECTED	connectify0	connectify0	2	2	active	5	566351174	26497406689	6030541002	93356817633	13139323956	168227206683	-1	2.32	168592	46072	0
2026-07-13T15:28:08Z	CONNECTED	connectify0	connectify0	2	2	active	5	569431637	26642007636	6038067442	93371484508	13146901988	168454377337	-1	2.28	168596	46072	0
2026-07-13T15:29:09Z	CONNECTED	connectify0	connectify0	2	2	active	5	572696131	26792807106	6045752745	93409098629	13154072128	168660448782	-1	2.80	168160	46072	0
2026-07-13T15:30:09Z	CONNECTED	connectify0	connectify0	2	2	active	5	575537458	26941857496	6052666411	93543858599	13160017472	168772610513	-1	2.34	168804	46072	0
2026-07-13T15:31:10Z	CONNECTED	connectify0	connectify0	2	2	active	5	578629409	27086809478	6059982533	93664837205	13169498460	168895953540	-1	2.39	168140	46072	0
2026-07-13T15:32:10Z	CONNECTED	connectify0	connectify0	2	2	active	5	581750024	27232873841	6067343042	93784532634	13181097456	169020766892	-1	2.71	168200	46072	0
2026-07-13T15:33:10Z	CONNECTED	connectify0	connectify0	2	2	active	5	585268720	27377541793	6075171732	93862687256	13189189676	169184937606	-1	2.17	167560	46072	0
2026-07-13T15:34:10Z	CONNECTED	connectify0	connectify0	2	2	active	5	588737576	27525494847	6083075414	93948018799	13197929564	169344068304	-1	2.46	167092	46072	0
2026-07-13T15:35:11Z	CONNECTED	connectify0	connectify0	2	2	active	5	592217137	27672611981	6090883691	94035447012	13203999188	169498551450	-1	2.69	167148	46072	0
2026-07-13T15:36:11Z	CONNECTED	connectify0	connectify0	2	2	active	5	595152160	27820895813	6098045683	94164920807	13211471576	169613618742	-1	2.65	168092	46072	0
2026-07-13T15:37:11Z	CONNECTED	connectify0	connectify0	2	2	active	5	598678878	27970083984	6105969279	94250650568	13216616080	169771264797	-1	2.56	167492	46072	0
2026-07-13T15:38:12Z	CONNECTED	connectify0	connectify0	2	2	active	5	602373056	28122220089	6114077705	94313348231	13226887548	169952245184	-1	2.16	167360	46072	0
2026-07-13T15:39:12Z	CONNECTED	connectify0	connectify0	2	2	active	5	605234022	28270515422	6121041827	94447126581	13237740688	170064265952	-1	2.46	167176	46072	0
2026-07-13T15:40:12Z	CONNECTED	connectify0	connectify0	2	2	active	5	608713040	28417299641	6128889369	94540237211	13243322640	170214706051	-1	2.54	167192	46072	0
2026-07-13T15:41:13Z	CONNECTED	connectify0	connectify0	2	2	active	5	612407068	28566515163	6137066190	94580127976	13250324320	170417387200	-1	2.56	166380	46072	0
2026-07-13T15:42:13Z	CONNECTED	connectify0	connectify0	2	2	active	5	616022338	28716581977	6145144053	94613763967	13257205528	170626696755	-1	2.72	166696	46072	0
2026-07-13T15:43:14Z	CONNECTED	connectify0	connectify0	2	2	active	5	619652192	28866462878	6153247159	94691259787	13262078736	170792247297	-1	2.35	169516	46072	0
2026-07-13T15:44:14Z	CONNECTED	connectify0	connectify0	2	2	active	5	623107814	29014079870	6161151623	94774663978	13271340912	170954300150	-1	2.05	169760	46072	0
2026-07-13T15:45:15Z	CONNECTED	connectify0	connectify0	2	2	active	5	626451372	29160567028	6168828535	94883251710	13283865800	171091673303	-1	1.99	168996	46072	0
2026-07-13T15:46:15Z	CONNECTED	connectify0	connectify0	2	2	active	5	629970003	29307805101	6176695073	94967673601	13297347828	171251366231	-1	1.87	169472	46072	0
2026-07-13T15:47:16Z	CONNECTED	connectify0	connectify0	2	2	active	5	633557636	29455564309	6184650209	95046589195	13309543068	171415833790	-1	2.22	168712	46072	0
2026-07-13T15:48:16Z	CONNECTED	connectify0	connectify0	2	2	active	5	636859336	29601920991	6192242208	95152144415	13318072680	171552810126	-1	2.15	168952	46072	0
2026-07-13T15:49:16Z	CONNECTED	connectify0	connectify0	2	2	active	5	639778553	29745241604	6199319268	95278223055	13323201176	171667017483	-1	1.73	168296	46072	0
2026-07-13T15:50:16Z	CONNECTED	connectify0	connectify0	2	2	active	5	642964432	29891278008	6206783514	95393493144	13331496568	171795520781	-1	2.05	169056	46072	0
2026-07-13T15:51:17Z	CONNECTED	connectify0	connectify0	2	2	active	5	646519277	30035542704	6214742129	95475858925	13336548808	171953828666	-1	1.75	167980	46072	0
2026-07-13T15:52:17Z	CONNECTED	connectify0	connectify0	2	2	active	5	650206288	30182092426	6222865041	95523859207	13341205952	172145119535	-1	1.76	171476	46076	0
2026-07-13T15:53:17Z	CONNECTED	connectify0	connectify0	2	2	active	5	653784327	30327687443	6230848985	95609242488	13347465520	172306600280	-1	1.82	170764	46076	0
2026-07-13T15:54:18Z	CONNECTED	connectify0	connectify0	2	2	active	5	657523933	30476580292	6239107334	95667175024	13352440816	172501620513	-1	2.11	170884	46076	0
2026-07-13T15:55:18Z	CONNECTED	connectify0	connectify0	2	2	active	5	661145801	30621213488	6247113433	95742438971	13358174896	172669875725	-1	2.25	170640	46076	0
2026-07-13T15:56:19Z	CONNECTED	connectify0	connectify0	2	2	active	5	664723845	30762614217	6255162970	95778228237	13364039372	172873742461	-1	2.79	171272	46076	0
2026-07-13T15:57:19Z	CONNECTED	connectify0	connectify0	2	2	active	5	668129690	30904125416	6263018298	95798154525	13373512932	173093857029	-1	2.48	170176	46076	0
2026-07-13T15:58:19Z	CONNECTED	connectify0	connectify0	2	2	active	5	671704434	31049277511	6271040565	95841580729	13381190312	173292517890	-1	2.74	170660	46076	0
2026-07-13T15:59:19Z	CONNECTED	connectify0	connectify0	2	2	active	5	675382016	31194232387	6279132705	95906800691	13391866028	173469632814	-1	2.05	169956	46076	0
2026-07-13T16:00:20Z	CONNECTED	connectify0	connectify0	2	2	active	5	679030685	31337470326	6287192182	95978703742	13408095740	173642667350	-1	2.32	170296	46076	0
2026-07-13T16:01:20Z	CONNECTED	connectify0	connectify0	2	2	active	5	682211844	31479646266	6294560764	96089089032	13426575832	173776919291	-1	2.65	169492	46076	0
2026-07-13T16:02:20Z	CONNECTED	connectify0	connectify0	2	2	active	5	685299746	31621487192	6301879053	96211338464	13452039232	173899262823	-1	2.33	169900	46076	0
2026-07-13T16:03:21Z	CONNECTED	connectify0	connectify0	2	2	active	5	688706805	31765898477	6309610056	96311936639	13479100176	174044453658	-1	2.46	168844	46076	0
2026-07-13T16:04:22Z	CONNECTED	connectify0	connectify0	2	2	active	5	692139007	31908390719	6317369368	96391614761	13505172860	174213833534	-1	2.19	169364	46076	0
2026-07-13T16:05:22Z	CONNECTED	connectify0	connectify0	2	2	active	5	695522838	32056232363	6325149001	96496539374	13549842032	174356139587	-1	2.10	169476	46076	0
2026-07-13T16:06:23Z	CONNECTED	connectify0	connectify0	2	2	active	5	699145415	32202295885	6333226687	96566882711	13575125676	174529308677	-1	2.09	169840	46076	0
2026-07-13T16:07:23Z	CONNECTED	connectify0	connectify0	2	2	active	5	702568519	32354358719	6341052235	96659581262	13601736980	174684833337	-1	1.65	169032	46076	0
2026-07-13T16:08:23Z	CONNECTED	connectify0	connectify0	2	2	active	5	705899682	32503272833	6348713348	96770905132	13626321600	174820948432	-1	2.06	169464	46076	0
2026-07-13T16:09:24Z	CONNECTED	connectify0	connectify0	2	2	active	5	709349827	32659946292	6356783878	96869203774	13650105996	174975167899	-1	2.51	168472	46076	0
2026-07-13T16:10:24Z	CONNECTED	connectify0	connectify0	2	2	active	5	712625220	32818177683	6364363491	96977138250	13682207236	175119674611	-1	3.29	169468	46076	0
2026-07-13T16:11:25Z	CONNECTED	connectify0	connectify0	2	2	active	5	716214248	32968964423	6372398808	97046937414	13720752388	175300572526	-1	2.40	168504	46076	0
2026-07-13T16:12:25Z	CONNECTED	connectify0	connectify0	2	2	active	5	719681941	33117807257	6380172394	97138072700	13756868880	175456432370	-1	2.75	171632	46076	0
2026-07-13T16:13:25Z	CONNECTED	connectify0	connectify0	2	2	active	5	723189180	33271584064	6388010583	97225032805	13787657836	175613901021	-1	2.73	171524	46076	0
2026-07-13T16:14:26Z	CONNECTED	connectify0	connectify0	2	2	active	5	726591240	33417213385	6395844230	97258495817	13817778388	175825218745	-1	3.09	171040	46076	0
2026-07-13T16:15:26Z	CONNECTED	connectify0	connectify0	2	2	active	5	729970519	33566124708	6403633914	97286978629	13851734780	176045643604	-1	2.74	170544	46076	0
2026-07-13T16:16:26Z	CONNECTED	connectify0	connectify0	2	2	active	5	733388249	33710181349	6411430235	97312990321	13886176300	176260743195	-1	2.26	170828	46076	0
2026-07-13T16:17:27Z	CONNECTED	connectify0	connectify0	2	2	active	5	736960748	33854288100	6419421022	97344164446	13915335104	176467463228	-1	2.55	170432	46076	0
2026-07-13T16:18:27Z	CONNECTED	connectify0	connectify0	2	2	active	5	740634666	33992223427	6427449878	97385378930	13941942424	176660819126	-1	3.51	170904	46076	0
2026-07-13T16:19:27Z	CONNECTED	connectify0	connectify0	2	2	active	5	743881278	34130355733	6435097599	97405437750	13968328684	176875347356	-1	3.41	170144	46076	0
2026-07-13T16:20:28Z	CONNECTED	connectify0	connectify0	2	2	active	5	747419638	34272482218	6443056640	97437978227	13999876448	177080732765	-1	3.55	170560	46076	0
2026-07-13T16:21:28Z	CONNECTED	connectify0	connectify0	2	2	active	5	750932258	34408249125	6450912597	97467376145	14029682356	177284721365	-1	3.09	169908	46076	0
2026-07-13T16:22:28Z	CONNECTED	connectify0	connectify0	2	2	active	5	754278731	34547191686	6458604709	97491581087	14056454144	177493692815	-1	3.58	170032	46076	0
2026-07-13T16:23:29Z	CONNECTED	connectify0	connectify0	2	2	active	5	757845833	34685078150	6466491294	97574809632	14084055068	177646991088	-1	2.89	169536	46076	0
2026-07-13T16:24:29Z	CONNECTED	connectify0	connectify0	2	2	active	5	761422331	34825794483	6474527858	97654567508	14111567352	177806832322	-1	3.47	170200	46076	0
2026-07-13T16:25:30Z	CONNECTED	connectify0	connectify0	2	2	active	5	765065860	34964617084	6482580275	97707450525	14138816568	177992923670	-1	3.21	169200	46076	0
2026-07-13T16:26:31Z	CONNECTED	connectify0	connectify0	2	2	active	5	768551375	35108889546	6490492941	97733383144	14171433608	178207832985	-1	3.66	169688	46076	0
2026-07-13T16:27:31Z	CONNECTED	connectify0	connectify0	2	2	active	5	772177511	35254845935	6498513870	97778531417	14199904156	178403986264	-1	3.68	169232	46076	0
2026-07-13T16:28:32Z	CONNECTED	connectify0	connectify0	2	2	active	5	775431745	35399672948	6506228357	97805656203	14230948408	178620353564	-1	3.87	169632	46076	0
2026-07-13T16:29:32Z	CONNECTED	connectify0	connectify0	2	2	active	5	778292584	35540928648	6513462373	97816929790	14262344724	178851006263	-1	3.14	169232	46076	0
2026-07-13T16:30:32Z	CONNECTED	connectify0	connectify0	2	2	active	5	781458146	35687799987	6521186664	97842504086	14298028492	179070594284	-1	3.07	168996	46076	0
2026-07-13T16:31:32Z	CONNECTED	connectify0	connectify0	2	2	active	5	785059432	35831125107	6529193335	97893409819	14333306520	179259588120	-1	2.38	168808	46076	0
2026-07-13T16:32:33Z	CONNECTED	connectify0	connectify0	2	2	active	5	788429762	35974924247	6537033828	97965324220	14362871028	179428308241	-1	3.09	168988	46076	0
2026-07-13T16:33:33Z	CONNECTED	connectify0	connectify0	2	2	active	5	791981574	36117185605	6545011944	98034667874	14389754184	179599076961	-1	3.00	168472	46076	0
2026-07-13T16:34:33Z	CONNECTED	connectify0	connectify0	2	2	active	5	795383777	36261481730	6552790782	98061511184	14415264140	179812263185	-1	3.85	168560	46076	0
2026-07-13T16:35:34Z	CONNECTED	connectify0	connectify0	2	2	active	5	798255308	36401845421	6560088049	98072351927	14443290300	180038792905	-1	2.94	167832	46076	0
2026-07-13T16:36:34Z	CONNECTED	connectify0	connectify0	2	2	active	5	801653373	36543011685	6567856475	98108735967	14473218392	180240640354	-1	2.57	167884	46076	0
2026-07-13T16:37:34Z	CONNECTED	connectify0	connectify0	2	2	inactive	5	805197759	36682336126	6576039391	98134035200	14499574384	180452260829	-1	2.07	168036	46076	0
2026-07-13T16:38:35Z	CONNECTED	connectify0	connectify0	2	2	active	5	808717166	36823588755	6583891428	98203019491	14525782176	180618501441	-1	2.50	167852	46076	0
2026-07-13T16:39:35Z	CONNECTED	connectify0	connectify0	2	2	active	5	812375770	36960647704	6591938952	98271870746	14554438608	180784888539	-1	2.61	167420	46076	0
2026-07-13T16:40:35Z	CONNECTED	connectify0	connectify0	2	2	active	5	816037123	37099634432	6600078584	98316026232	14582669664	180977445357	-1	2.26	167480	46076	0
2026-07-13T16:41:36Z	CONNECTED	connectify0	connectify0	2	2	active	5	819757971	37249664172	6608319116	98372685828	14611149256	181168103741	-1	2.45	170104	46076	0
2026-07-13T16:42:36Z	CONNECTED	connectify0	connectify0	2	2	active	5	823407855	37401469340	6616488404	98433455141	14641463624	181355953983	-1	3.12	170220	46076	0
2026-07-13T16:43:37Z	CONNECTED	connectify0	connectify0	2	2	active	5	827010357	37552692923	6624575243	98481218092	14669688660	181557263680	-1	2.57	169836	46076	0
2026-07-13T16:44:37Z	CONNECTED	connectify0	connectify0	2	2	active	5	829156704	37700033863	6630802074	98535044678	14702431596	181748215295	-1	2.42	169648	46076	0
2026-07-13T16:45:37Z	CONNECTED	connectify0	connectify0	2	2	active	5	831185331	37841450236	6636854651	98564852203	14738513756	181960716705	-1	2.17	169220	46076	0
2026-07-13T16:46:38Z	CONNECTED	connectify0	connectify0	2	2	active	5	833199361	37982788966	6642881634	98589607416	14767395372	182172363165	-1	2.18	169624	46076	0
2026-07-13T16:47:38Z	CONNECTED	connectify0	connectify0	2	2	active	5	835183162	38121085541	6648574716	98666098189	14799138652	182333194374	-1	2.49	169292	46076	0
2026-07-13T16:48:38Z	CONNECTED	connectify0	connectify0	2	2	active	5	837172968	38261874597	6654388503	98727030687	14827307392	182508713576	-1	1.61	169836	46076	0
2026-07-13T16:49:39Z	CONNECTED	connectify0	connectify0	2	2	active	5	840148893	38411181212	6661664793	98830893864	14854338560	182649719922	-1	2.11	168944	46076	0
2026-07-13T16:50:39Z	CONNECTED	connectify0	connectify0	2	2	active	5	843410622	38550553076	6669183487	98938896006	14885246040	182781272840	-1	2.44	169140	46076	0
2026-07-13T16:51:39Z	CONNECTED	connectify0	connectify0	2	2	active	5	846976301	38691261987	6677073402	99020589132	14915504152	182939699220	-1	2.36	168536	46076	0
2026-07-13T16:52:40Z	CONNECTED	connectify0	connectify0	2	2	active	5	850510237	38835217709	6684946115	99060631838	14943798736	183139332523	-1	2.67	172092	46076	0
2026-07-13T16:53:41Z	CONNECTED	connectify0	connectify0	2	2	active	5	853632093	38978562272	6692367152	99080454868	14974416404	183360743244	-1	2.86	171820	46076	0
2026-07-13T16:54:42Z	CONNECTED	connectify0	connectify0	2	2	active	5	856666631	39124907202	6699791340	99121135333	15002236840	183563868670	-1	2.22	171948	46076	0
2026-07-13T16:55:42Z	CONNECTED	connectify0	connectify0	2	2	active	5	860267461	39275983633	6707676416	99193440909	15029786472	183735415478	-1	2.23	171832	46076	0
2026-07-13T16:56:43Z	CONNECTED	connectify0	connectify0	2	2	active	5	863862839	39426696816	6715584582	99264870063	15061392252	183914548233	-1	2.11	171768	46076	0
2026-07-13T16:57:43Z	CONNECTED	connectify0	connectify0	2	2	active	5	867268252	39573633466	6723303033	99298488477	15088909356	184121650395	-1	2.88	171436	46076	0
2026-07-13T16:58:43Z	CONNECTED	connectify0	connectify0	2	2	active	5	870734548	39717269670	6731219728	99336116197	15116143724	184325689797	-1	2.11	171312	46076	0
2026-07-13T16:59:44Z	CONNECTED	connectify0	connectify0	2	2	active	5	874414910	39867757144	6739317797	99404429395	15145727188	184504449353	-1	2.20	171116	46076	0
2026-07-13T17:00:44Z	CONNECTED	connectify0	connectify0	2	2	active	5	877976693	40011060398	6747217938	99478726591	15177515492	184673069140	-1	2.07	171280	46076	0
2026-07-13T17:01:44Z	CONNECTED	connectify0	connectify0	2	2	active	5	881436285	40149961511	6754936229	99568239651	15211558104	184822370442	-1	2.10	170556	46076	0
2026-07-13T17:02:45Z	CONNECTED	connectify0	connectify0	2	2	active	5	884698023	40291015928	6762530014	99602496768	15239026300	185023714229	-1	1.86	170744	46076	0
2026-07-13T17:03:45Z	CONNECTED	connectify0	connectify0	2	2	active	5	888297592	40431039570	6770425827	99692677374	15264624476	185171491868	-1	2.18	170116	46076	0
2026-07-13T17:04:46Z	CONNECTED	connectify0	connectify0	2	2	active	5	891936720	40574183710	6778488430	99763581745	15293292608	185342618033	-1	2.40	170372	46076	0
2026-07-13T17:05:46Z	CONNECTED	connectify0	connectify0	2	2	active	5	895490392	40718044749	6786432475	99835656141	15317669052	185511072250	-1	2.47	170136	46076	0
2026-07-13T17:06:46Z	CONNECTED	connectify0	connectify0	2	2	active	5	898577214	40863491157	6793618415	99931138940	15345135700	185661107692	-1	2.08	170196	46076	0
2026-07-13T17:07:47Z	CONNECTED	connectify0	connectify0	2	2	active	5	901525675	41006966976	6800669923	100058263396	15369711744	185775901508	-1	2.12	169872	46076	0
2026-07-13T17:08:47Z	CONNECTED	connectify0	connectify0	2	2	active	5	905006683	41158125223	6808508483	100146998904	15396808884	185934672111	-1	2.25	169972	46076	0
2026-07-13T17:09:47Z	CONNECTED	connectify0	connectify0	2	2	active	5	908424843	41304216551	6816283542	100190718075	15422719172	186133760705	-1	1.92	172544	46076	0
2026-07-13T17:10:48Z	CONNECTED	connectify0	connectify0	2	2	active	5	911269191	41448997849	6823216642	100321936923	15447339276	186245960015	-1	2.30	172448	46076	0
2026-07-13T17:11:48Z	CONNECTED	connectify0	connectify0	2	2	active	5	913922987	41594037616	6829067964	100409919635	15700497668	186386966595	-1	2.93	170132	46076	0
2026-07-13T17:12:48Z	CONNECTED	connectify0	connectify0	2	2	active	5	916284868	41726517919	6833590745	100423537616	15966288956	186582314499	-1	2.56	171680	46076	0
2026-07-13T17:13:49Z	CONNECTED	connectify0	connectify0	2	2	active	5	919143021	41867397336	6840818307	100434702044	16000047056	186811528811	-1	2.65	171724	46076	0
2026-07-13T17:14:49Z	CONNECTED	connectify0	connectify0	2	2	active	5	922425937	42011836847	6848559035	100457704375	16036454172	187032098487	-1	3.01	172076	46076	0
2026-07-13T17:15:49Z	CONNECTED	connectify0	connectify0	2	2	active	5	924729635	42158588799	6853790453	100601719156	16070187600	187136432699	-1	1.88	171176	46076	0
2026-07-13T17:16:50Z	CONNECTED	connectify0	connectify0	2	2	active	5	926788712	42300714786	6858516726	100755563848	16103105972	187225094722	-1	2.11	171392	46076	0
2026-07-13T17:17:50Z	CONNECTED	connectify0	connectify0	2	2	active	5	928808130	42443183534	6863139158	100909765220	16127438596	187310849152	-1	2.51	171028	46076	0
2026-07-13T17:18:50Z	CONNECTED	connectify0	connectify0	2	2	active	5	930955591	42584533173	6868078382	101061028026	16153468052	187398952244	-1	2.11	171552	46076	0
2026-07-13T17:19:50Z	CONNECTED	connectify0	connectify0	2	2	active	5	933495159	42730633446	6873993520	101198821900	16179344600	187501509996	-1	2.11	169832	46076	0
2026-07-13T17:20:51Z	CONNECTED	connectify0	connectify0	2	2	active	5	936420013	42877655260	6880759491	101325503649	16207772280	187618738567	-1	1.72	170812	46076	0
2026-07-13T17:21:51Z	CONNECTED	connectify0	connectify0	2	2	active	5	939946813	43024751110	6888683045	101408093282	16244851352	187780145822	-1	1.66	170868	46076	0
2026-07-13T17:22:52Z	CONNECTED	connectify0	connectify0	2	2	active	5	943580893	43171467982	6896730225	101465673468	16281460648	187965598696	-1	2.05	170812	46076	0
2026-07-13T17:23:52Z	CONNECTED	connectify0	connectify0	2	2	active	5	947262134	43331737072	6904941197	101525063937	16312397144	188155778186	-1	2.22	170336	46076	0
2026-07-13T17:24:53Z	CONNECTED	connectify0	connectify0	2	2	active	5	950934682	43487003915	6913192977	101592092062	16336654588	188339315846	-1	2.66	170252	46164	0
2026-07-13T17:25:53Z	CONNECTED	connectify0	connectify0	2	2	active	5	954614114	43647765298	6921360239	101651878364	16352257200	188528221889	-1	2.86	170000	46164	0
2026-07-13T17:26:54Z	CONNECTED	connectify0	connectify0	2	2	active	5	958282060	43808001620	6929604229	101711592852	16384869228	188718027290	-1	2.52	169752	46164	0
2026-07-13T17:27:54Z	CONNECTED	connectify0	connectify0	2	2	active	5	961413714	43954626044	6937137945	101822294039	16413882964	188856001435	-1	3.06	168204	46164	0
2026-07-13T17:28:55Z	CONNECTED	connectify0	connectify0	2	2	active	5	964313516	44105356318	6943994184	101948653699	16441261680	188986999947	-1	2.17	169408	46164	0
2026-07-13T17:29:55Z	CONNECTED	connectify0	connectify0	2	2	active	5	967401891	44263491947	6951335955	102063474888	16473199920	189125592572	-1	2.77	169148	46164	0
2026-07-13T17:30:56Z	CONNECTED	connectify0	connectify0	2	2	active	5	970901913	44410096140	6959236041	102159796172	16503948408	189274666024	-1	2.82	169324	46164	0
2026-07-13T17:31:56Z	CONNECTED	connectify0	connectify0	2	2	active	5	973852118	44558722722	6966055209	102271775795	16535230764	189421988727	-1	2.55	169072	46164	0
2026-07-13T17:32:56Z	CONNECTED	connectify0	connectify0	2	2	active	5	977567237	44708294040	6974199034	102326927818	16559396004	189612859209	-1	2.27	168948	46164	0
2026-07-13T17:33:56Z	CONNECTED	connectify0	connectify0	2	2	active	5	981023144	44853629240	6981972705	102397497944	16570656600	189783143875	-1	2.38	168980	46164	0
2026-07-13T17:34:57Z	CONNECTED	connectify0	connectify0	2	2	active	5	984219339	44998034961	6989372719	102509602398	16579791812	189914767899	-1	1.98	168640	46168	0
2026-07-13T17:35:57Z	CONNECTED	connectify0	connectify0	2	2	active	5	986962763	45138893738	6995923981	102645268350	16591516564	190019782520	-1	1.87	168392	46168	0
2026-07-13T17:36:57Z	CONNECTED	connectify0	connectify0	2	2	active	5	990009952	45296892855	7002980764	102763508875	16602843316	190142909136	-1	1.95	168392	46168	0
2026-07-13T17:37:57Z	CONNECTED	connectify0	connectify0	2	2	active	5	992701154	45443867647	7009390402	102910180270	16618342388	190250392474	-1	2.42	167584	46172	0
2026-07-13T17:38:58Z	CONNECTED	connectify0	connectify0	2	2	active	5	995425163	45589056037	7015971890	103049043140	16634801364	190360089248	-1	2.15	171308	46172	0
2026-07-13T17:39:58Z	CONNECTED	connectify0	connectify0	2	2	active	5	997975605	45727419709	7021872531	103193098963	16647978072	190462837271	-1	2.07	170996	46172	0
2026-07-13T17:40:58Z	CONNECTED	connectify0	connectify0	2	2	active	5	1000589426	45863904683	7028009361	103330835289	16661652812	190564836821	-1	2.32	170436	46212	0
2026-07-13T17:41:59Z	CONNECTED	connectify0	connectify0	2	2	active	5	1003877664	45997369963	7035570767	103432039692	16678090848	190698763957	-1	1.78	170252	46212	0
2026-07-13T17:42:59Z	CONNECTED	connectify0	connectify0	2	2	active	5	1007150913	46146505904	7043110458	103547130197	16692636564	190830806428	-1	2.22	170064	46212	0
2026-07-13T17:44:00Z	CONNECTED	connectify0	connectify0	2	2	active	5	1009673538	46298063384	7048979760	103691522797	16703174000	190977341201	-1	2.21	165940	46212	0
2026-07-13T17:45:01Z	CONNECTED	connectify0	connectify0	2	2	active	5	1011918216	46434523590	7054141442	103840214379	16711161880	191101240817	-1	2.52	165612	46340	0
2026-07-13T17:46:01Z	CONNECTED	connectify0	connectify0	2	2	active	5	1014365723	46576936413	7059813490	103988937613	16720253344	191230265993	-1	2.22	167872	46340	0
2026-07-13T17:47:02Z	CONNECTED	connectify0	connectify0	2	2	active	5	1016925114	46724282065	7065952222	104133201428	16729048964	191380777259	-1	2.66	166632	46340	0
2026-07-13T17:48:02Z	CONNECTED	connectify0	connectify0	2	2	active	5	1019744192	46871754198	7072752249	104264897378	16744283468	191541648377	-1	2.01	167192	46340	0
2026-07-13T17:49:02Z	CONNECTED	connectify0	connectify0	2	2	active	5	1023130792	47024064261	7080648972	104358292203	16754680716	191737782313	-1	2.14	166328	46340	0
2026-07-13T17:50:03Z	CONNECTED	connectify0	connectify0	2	2	active	5	1026096164	47181939640	7087581774	104477578744	16764999796	191881084277	-1	2.13	165016	46340	0
2026-07-13T17:51:03Z	CONNECTED	connectify0	connectify0	2	2	active	5	1028873796	47327620517	7094172208	104613820587	16776453424	192014253152	-1	2.72	166652	46340	0
2026-07-13T17:52:03Z	CONNECTED	connectify0	connectify0	2	2	active	5	1031685845	47481973807	7100965993	104753417980	16786206116	192165751549	-1	1.84	166448	46340	0
2026-07-13T17:53:04Z	CONNECTED	connectify0	connectify0	2	2	active	5	1034478800	47633870086	7107668319	104886286528	16794043108	192309021232	-1	1.76	168224	46340	0
2026-07-13T17:54:04Z	CONNECTED	connectify0	connectify0	2	2	active	5	1037071057	47787001905	7113906210	105034552325	16799946596	192422364632	-1	2.09	169616	46340	0
2026-07-13T17:55:05Z	CONNECTED	connectify0	connectify0	2	2	active	5	1039949072	47935646422	7120688751	105172658815	16804498984	192552028666	-1	1.70	167708	46392	0
2026-07-13T17:56:05Z	CONNECTED	connectify0	connectify0	2	2	active	5	1042655315	48086193946	7127204624	105311962882	16813855280	192706263819	-1	1.77	169204	46392	0
2026-07-13T17:57:05Z	CONNECTED	connectify0	connectify0	2	2	active	5	1045486140	48236111831	7133899253	105443350679	16822065196	192843158796	-1	1.58	169048	46392	0
2026-07-13T17:58:05Z	CONNECTED	connectify0	connectify0	2	2	active	5	1048427299	48386775175	7140925428	105572248427	16832580732	192997333884	-1	2.20	167228	46392	0
2026-07-13T17:59:05Z	CONNECTED	connectify0	connectify0	2	2	active	5	1051287418	48533915362	7147886532	105708756952	16842366492	193136577564	-1	2.42	168288	46392	0
2026-07-13T18:00:06Z	CONNECTED	connectify0	connectify0	2	2	active	5	1054459507	48679220879	7155281116	105825619160	16857638904	193267975870	-1	2.11	169124	46392	0
2026-07-13T18:01:06Z	CONNECTED	connectify0	connectify0	2	2	active	5	1057248535	48821857740	7162059174	105957223643	16875515752	193424568498	-1	2.73	168236	46392	0
2026-07-13T18:02:06Z	CONNECTED	connectify0	connectify0	2	2	active	5	1060166646	48966446208	7169058261	106088725716	16891658784	193571898076	-1	2.43	168484	46392	0
2026-07-13T18:03:06Z	CONNECTED	connectify0	connectify0	2	2	active	5	1062949002	49109452867	7175825480	106221400193	16909036480	193723810214	-1	1.96	168488	46392	0
2026-07-13T18:04:07Z	CONNECTED	connectify0	connectify0	2	2	active	5	1066196965	49257853704	7183306730	106306638977	16923725044	193916084492	-1	1.86	168136	46392	0
2026-07-13T18:05:07Z	CONNECTED	connectify0	connectify0	2	2	active	5	1069049057	49401662246	7190149643	106441341356	16941439428	194060008672	-1	2.19	167188	46496	0
2026-07-13T18:06:07Z	CONNECTED	connectify0	connectify0	2	2	active	5	1071746456	49539998788	7196452889	106576923183	16952324520	194204372981	-1	2.33	167180	46496	0
2026-07-13T18:07:08Z	CONNECTED	connectify0	connectify0	2	2	active	5	1074554367	49675570357	7203437358	106696762695	16963896472	194344696225	-1	3.68	170700	46496	0
2026-07-13T18:08:08Z	CONNECTED	connectify0	connectify0	2	2	active	5	1077328907	49812592952	7210094429	106826604186	16975521748	194482288755	-1	3.66	170564	46496	0
2026-07-13T18:09:08Z	CONNECTED	connectify0	connectify0	2	2	active	5	1080305797	49949756203	7217039934	106948175520	16989324968	194618371631	-1	3.32	169404	46504	0
2026-07-13T18:10:08Z	CONNECTED	connectify0	connectify0	2	2	active	5	1083103555	50089798325	7223615937	107078934526	16999482116	194746247443	-1	3.91	169124	46532	0
2026-07-13T18:11:09Z	CONNECTED	connectify0	connectify0	2	2	active	5	1086399329	50230154186	7231179840	107181248455	17008876168	194932472599	-1	3.70	169000	46532	0
2026-07-13T18:12:09Z	CONNECTED	connectify0	connectify0	2	2	active	5	1089681237	50367953503	7238738962	107277569234	17017124636	195110379172	-1	3.98	169452	46532	0
2026-07-13T18:13:09Z	CONNECTED	connectify0	connectify0	2	2	active	5	1093306285	50507087935	7246702554	107342898810	17026593468	195308479993	-1	3.40	169348	46536	0
2026-07-13T18:14:10Z	CONNECTED	connectify0	connectify0	2	2	active	5	1096812428	50646470971	7254645403	107412172484	17038694880	195505117363	-1	3.26	169820	46536	0
2026-07-13T18:15:10Z	CONNECTED	connectify0	connectify0	2	2	active	5	1100062726	50779965017	7262109150	107513986942	17046960288	195667208287	-1	3.52	167988	46536	0
2026-07-13T18:16:11Z	CONNECTED	connectify0	connectify0	2	2	active	5	1103414981	50917225143	7269684180	107618250746	17058590824	195842902994	-1	3.67	168700	46536	0
2026-07-13T18:17:12Z	CONNECTED	connectify0	connectify0	2	2	active	5	1106515970	51049696717	7276956530	107724714329	17071896568	196015543186	-1	3.80	168984	46536	0
2026-07-13T18:18:12Z	CONNECTED	connectify0	connectify0	2	2	active	5	1109475835	51206168163	7284127299	107857438073	17084062068	196164023685	-1	3.96	169188	46536	0
2026-07-13T18:19:12Z	CONNECTED	connectify0	connectify0	2	2	active	5	1112182115	51343553763	7290605368	107991946023	17092510292	196306662556	-1	3.83	168592	46536	0
2026-07-13T18:20:12Z	CONNECTED	connectify0	connectify0	2	2	active	5	1114924434	51482930223	7297085403	108123293156	17099702716	196438411181	-1	2.79	167100	46536	0
2026-07-13T18:21:13Z	CONNECTED	connectify0	connectify0	2	2	active	5	1117648746	51629861442	7303545998	108261877434	17109248896	196581212239	-1	2.59	168508	46536	0
2026-07-13T18:22:13Z	CONNECTED	connectify0	connectify0	2	2	active	5	1120461696	51771000196	7310297035	108393283188	17121472600	196714425575	-1	2.95	168820	46536	0
2026-07-13T18:23:13Z	CONNECTED	connectify0	connectify0	2	2	active	5	1122523446	51911839145	7315723157	108524161889	17132543128	196843305577	-1	2.22	168480	46536	0
2026-07-13T18:24:14Z	CONNECTED	connectify0	connectify0	2	2	active	5	1124539115	52047608492	7321407959	108607500311	17141644376	196992665625	-1	2.49	168548	46536	0
2026-07-13T18:25:14Z	CONNECTED	connectify0	connectify0	2	2	active	5	1126586654	52184313901	7327216339	108677661167	17149873080	197160926570	-1	2.03	167772	46536	0
2026-07-13T18:26:14Z	CONNECTED	connectify0	connectify0	2	2	active	5	1128685475	52326367047	7333007303	108795055517	17162556552	197323154822	-1	1.96	167448	46536	0
2026-07-13T18:27:14Z	CONNECTED	connectify0	connectify0	2	2	active	5	1130660827	52469992975	7338592172	108908406859	17171152268	197486387040	-1	1.89	166704	46536	0
2026-07-13T18:28:15Z	CONNECTED	connectify0	connectify0	2	2	active	5	1132653716	52611239822	7344025976	109029961782	17180617888	197629529095	-1	3.14	167420	46536	0
2026-07-13T18:29:15Z	CONNECTED	connectify0	connectify0	2	2	active	5	1134796091	52756734239	7349773851	109151246138	17189828052	197788916727	-1	2.23	167028	46536	0
2026-07-13T18:30:15Z	CONNECTED	connectify0	connectify0	2	2	active	5	1136775977	52899368233	7355363431	109257933257	17203286932	197961526803	-1	1.78	166856	46536	0
2026-07-13T18:31:15Z	CONNECTED	connectify0	connectify0	2	2	active	5	1138771372	53042114299	7360944453	109374716245	17217182352	198115211417	-1	2.16	166656	46536	0
2026-07-13T18:32:16Z	CONNECTED	connectify0	connectify0	2	2	active	5	1140715626	53186481318	7366694669	109473105020	17231140024	198292629325	-1	2.46	166180	46536	0
2026-07-13T18:33:16Z	CONNECTED	connectify0	connectify0	2	2	active	5	1142694378	53329279206	7372235101	109585645339	17236375692	198430329214	-1	2.76	166684	46536	0
2026-07-13T18:34:16Z	CONNECTED	connectify0	connectify0	2	2	active	5	1144746134	53475291818	7378048134	109663016368	17240093040	198590069914	-1	2.01	167028	46536	0
2026-07-13T18:35:17Z	CONNECTED	connectify0	connectify0	2	2	active	5	1146732428	53615412906	7383411099	109792099306	17245038580	198715601487	-1	1.72	169160	46540	0
2026-07-13T18:36:17Z	CONNECTED	connectify0	connectify0	2	2	active	5	1148699637	53756424993	7389043800	109887380135	17251319912	198881881936	-1	1.77	169284	46540	0
2026-07-13T18:37:17Z	CONNECTED	connectify0	connectify0	2	2	active	5	1150809649	53905422798	7394817667	109981929340	17340830032	199067765137	-1	2.44	168476	46540	0
2026-07-13T18:38:18Z	CONNECTED	connectify0	connectify0	2	2	active	5	1152787574	54047865582	7400410606	110084219067	17349074180	199227753029	-1	1.86	168956	46540	0
2026-07-13T18:39:18Z	CONNECTED	connectify0	connectify0	2	2	active	5	1154829397	54189337436	7406188595	110201712464	17354581820	199401738883	-1	1.96	167712	46540	0
2026-07-13T18:40:18Z	CONNECTED	connectify0	connectify0	2	2	active	5	1156843302	54330423973	7411549836	110336741827	17359504132	199543024996	-1	2.41	168576	46540	0
2026-07-13T18:41:19Z	CONNECTED	connectify0	connectify0	2	2	active	5	1158895621	54476190048	7417281727	110441222956	17364541032	199711924360	-1	1.81	166000	46540	0
2026-07-13T18:42:19Z	CONNECTED	connectify0	connectify0	2	2	active	5	1160995571	54618765086	7422408234	110589204066	17370057404	199835776534	-1	1.62	168112	46540	0
2026-07-13T18:43:20Z	CONNECTED	connectify0	connectify0	2	2	active	5	1163038732	54774352317	7428017861	110716286402	17374339096	199960129640	-1	1.69	168112	46540	0
2026-07-13T18:44:20Z	CONNECTED	connectify0	connectify0	2	2	active	5	1165052345	54934516121	7434002089	110804254936	17379974840	200149822152	-1	2.53	167992	46540	0
2026-07-13T18:45:21Z	CONNECTED	connectify0	connectify0	2	2	active	5	1167073669	55088151445	7439868425	110917610552	17393375888	200328969975	-1	2.37	166468	46540	0
2026-07-13T18:46:21Z	CONNECTED	connectify0	connectify0	2	2	active	5	1169067081	55239045335	7445741220	111002562910	17398921632	200492937731	-1	2.26	168556	46540	0
2026-07-13T18:47:21Z	CONNECTED	connectify0	connectify0	2	2	active	5	1171047489	55391955715	7451559245	111099584866	17403216144	200673427487	-1	2.41	167016	46540	0
2026-07-13T18:48:22Z	CONNECTED	connectify0	connectify0	2	2	active	5	1173074387	55532530019	7456986356	111228610939	17409772436	200832415757	-1	2.67	167240	46540	0
2026-07-13T18:49:22Z	CONNECTED	connectify0	connectify0	2	2	active	5	1175195100	55677422273	7462487130	111361530644	17416069176	200999516086	-1	3.50	166584	46540	0
2026-07-13T18:50:22Z	CONNECTED	connectify0	connectify0	2	2	active	5	1177211823	55818105564	7468042638	111479005110	17421795360	201177244089	-1	2.92	166540	46540	0
2026-07-13T18:51:22Z	CONNECTED	connectify0	connectify0	2	2	active	5	1179327055	55962057903	7473787558	111582027389	17428099316	201339337635	-1	1.89	166540	46540	0
2026-07-13T18:52:23Z	CONNECTED	connectify0	connectify0	2	2	active	5	1181284646	56101886914	7479332582	111692288067	17432854848	201493473224	-1	2.10	169940	46540	0
2026-07-13T18:53:23Z	CONNECTED	connectify0	connectify0	2	2	active	5	1183252955	56243629898	7484935222	111791662601	17439018436	201668947051	-1	2.79	167928	46540	0
2026-07-13T18:54:23Z	CONNECTED	connectify0	connectify0	2	2	active	5	1185282061	56392469955	7490513782	111907311536	17444747076	201840457464	-1	2.14	169712	46540	0
2026-07-13T18:55:24Z	CONNECTED	connectify0	connectify0	2	2	active	5	1187240867	56535486393	7495862991	112030694704	17450446320	201992928646	-1	1.91	168312	46540	0
2026-07-13T18:56:24Z	CONNECTED	connectify0	connectify0	2	2	active	5	1189218493	56676264331	7501497764	112126415514	17454761248	202154656285	-1	2.57	169296	46540	0
2026-07-13T18:57:24Z	CONNECTED	connectify0	connectify0	2	2	active	5	1191292200	56821250643	7507308388	112235539198	17460942168	202320478094	-1	2.51	168708	46540	0
2026-07-13T18:58:25Z	CONNECTED	connectify0	connectify0	2	2	active	5	1193340363	56963307415	7512619094	112370177218	17465244520	202446346422	-1	2.00	169088	46540	0
2026-07-13T18:59:25Z	CONNECTED	connectify0	connectify0	2	2	active	5	1195285721	57100968147	7518099948	112471581056	17471619356	202598806803	-1	2.19	167192	46540	0
2026-07-13T19:00:25Z	CONNECTED	connectify0	connectify0	2	2	active	5	1197425989	57247450823	7523964979	112555505596	17478424040	202786816536	-1	2.08	168592	46540	0
2026-07-13T19:01:26Z	CONNECTED	connectify0	connectify0	2	2	active	5	1199435523	57392198805	7529448604	112686977005	17486405092	202955788671	-1	2.81	167396	46552	0
2026-07-13T19:02:26Z	CONNECTED	connectify0	connectify0	2	2	active	5	1201388089	57536778849	7534963011	112803108272	17491603420	203107608940	-1	2.01	168696	46552	0
2026-07-13T19:03:26Z	CONNECTED	connectify0	connectify0	2	2	active	5	1203480211	57683992483	7540420706	112933499947	17497200072	203249870243	-1	1.93	171244	46552	0
2026-07-13T19:04:26Z	CONNECTED	connectify0	connectify0	2	2	active	5	1205539451	57826290541	7546036489	113048655367	17503141756	203428225941	-1	1.81	170940	46552	0
2026-07-13T19:05:27Z	CONNECTED	connectify0	connectify0	2	2	active	5	1207519682	57969008050	7551746184	113137429633	17508091688	203608550682	-1	1.88	170548	46612	0
2026-07-13T19:06:27Z	CONNECTED	connectify0	connectify0	2	2	active	5	1209587661	58111836014	7557162537	113272309624	17513247284	203751119522	-1	1.81	170780	46612	0
2026-07-13T19:07:27Z	CONNECTED	connectify0	connectify0	2	2	active	5	1211651644	58256684530	7562538698	113405009437	17518584028	203901080889	-1	2.08	169144	46612	0
2026-07-13T19:08:27Z	CONNECTED	connectify0	connectify0	2	2	active	5	1213657797	58395692831	7567852495	113515872409	17522332020	204042466655	-1	1.70	170552	46612	0
2026-07-13T19:09:28Z	CONNECTED	connectify0	connectify0	2	2	active	5	1215916745	58545073744	7573834426	113576739601	17527404776	204251665152	-1	1.44	169044	46612	0
2026-07-13T19:10:28Z	CONNECTED	connectify0	connectify0	2	2	active	5	1217860187	58686137517	7579148905	113700766548	17532380064	204396320586	-1	2.44	169924	46612	0
2026-07-13T19:11:28Z	CONNECTED	connectify0	connectify0	2	2	active	5	1219789328	58824150275	7584628470	113800421057	17536109180	204530563227	-1	2.35	170056	46612	0
2026-07-13T19:12:29Z	CONNECTED	connectify0	connectify0	2	2	active	5	1221831886	58961837281	7590486492	113863514355	17541910600	204721458815	-1	1.55	169640	46612	0
2026-07-13T19:13:29Z	CONNECTED	connectify0	connectify0	2	2	active	5	1223857388	59100295858	7596073611	113980286115	17548644240	204876195490	-1	1.58	169220	46612	0
2026-07-13T19:14:30Z	CONNECTED	connectify0	connectify0	2	2	active	5	1225849235	59241254800	7601652814	114089380435	17554557856	205013555978	-1	2.15	168016	46612	0
2026-07-13T19:15:30Z	CONNECTED	connectify0	connectify0	2	2	active	5	1227850549	59379784584	7607010312	114216278205	17565899848	205128058630	-1	1.80	168952	46620	0
2026-07-13T19:16:30Z	CONNECTED	connectify0	connectify0	2	2	active	5	1229853790	59519316356	7612506013	114334563595	17572267876	205301342436	-1	2.27	168616	46620	0
2026-07-13T19:17:30Z	CONNECTED	connectify0	connectify0	2	2	active	5	1231806081	59657501200	7617935034	114458087306	17577234624	205443859893	-1	2.21	168704	46620	0
2026-07-13T19:18:31Z	CONNECTED	connectify0	connectify0	2	2	active	5	1233872465	59799607878	7623546085	114588808235	17588850312	205621954553	-1	2.46	169284	46620	0
2026-07-13T19:19:31Z	CONNECTED	connectify0	connectify0	2	2	active	5	1235919638	59942759248	7629094553	114717001643	17605202368	205743714146	-1	2.75	168900	46620	0
2026-07-13T19:20:32Z	CONNECTED	connectify0	connectify0	2	2	active	5	1237930113	60084046468	7634597686	114831900706	17621241872	205893282168	-1	1.83	168920	46620	0
2026-07-13T19:21:32Z	CONNECTED	connectify0	connectify0	2	2	active	5	1239893167	60221653573	7640141368	114934915107	17631922472	206025584361	-1	2.04	168280	46620	0
2026-07-13T19:22:33Z	CONNECTED	connectify0	connectify0	2	2	active	5	1241921120	60365709777	7645949969	115018227848	17643220736	206183853930	-1	1.99	169012	46620	0
2026-07-13T19:23:33Z	CONNECTED	connectify0	connectify0	2	2	active	5	1243995267	60515137322	7652159070	115052241931	17653788908	206396347071	-1	2.04	168472	46620	0
2026-07-13T19:24:33Z	CONNECTED	connectify0	connectify0	2	2	active	5	1246064838	60664342392	7658273982	115102122437	17665440256	206591788058	-1	2.77	168668	46620	0
2026-07-13T19:25:33Z	CONNECTED	connectify0	connectify0	2	2	active	5	1248103681	60804998976	7664192416	115158768755	17671210832	206770984586	-1	2.70	168296	46640	0
2026-07-13T19:26:34Z	CONNECTED	connectify0	connectify0	2	2	active	5	1250137361	60946208050	7670088708	115213299407	17676019776	206951270666	-1	2.29	168372	46640	0
2026-07-13T19:27:34Z	CONNECTED	connectify0	connectify0	2	2	active	5	1252194037	61085939871	7675963513	115279909980	17682963576	207120895119	-1	2.01	167708	46640	0
2026-07-13T19:28:34Z	CONNECTED	connectify0	connectify0	2	2	active	5	1254254109	61225112292	7681942566	115325543666	17690761392	207326674240	-1	1.86	168076	46640	0
2026-07-13T19:29:34Z	CONNECTED	connectify0	connectify0	2	2	active	5	1256432847	61376847910	7687934664	115393746937	17698713764	207500737709	-1	2.18	167520	46640	0
2026-07-13T19:30:35Z	CONNECTED	connectify0	connectify0	2	2	active	5	1258459189	61516582924	7693763963	115459292197	17707501252	207675679622	-1	1.87	167132	46640	0
2026-07-13T19:31:35Z	CONNECTED	connectify0	connectify0	2	2	active	5	1260579239	61656535202	7700049443	115477728066	17714709868	207898060552	-1	2.20	169720	46640	0
2026-07-13T19:32:36Z	CONNECTED	connectify0	connectify0	2	2	active	5	1262620128	61803666255	7706046533	115532831719	17725790156	208080958995	-1	2.26	170508	46640	0
2026-07-13T19:33:36Z	CONNECTED	connectify0	connectify0	2	2	active	5	1264597260	61945830221	7711648203	115636102709	17738645052	208216735620	-1	2.22	169536	46640	0
2026-07-13T19:34:36Z	CONNECTED	connectify0	connectify0	2	2	active	5	1266730969	62095166243	7717535536	115734676011	17751908104	208363717517	-1	2.49	170032	46660	0
2026-07-13T19:35:37Z	CONNECTED	connectify0	connectify0	2	2	active	5	1268735546	62236547403	7723090767	115837914159	17761787008	208501693179	-1	2.32	169380	46664	0
2026-07-13T19:36:37Z	CONNECTED	connectify0	connectify0	2	2	active	5	1270829880	62376426842	7729118778	115881032714	17772277776	208696791215	-1	2.32	169584	46664	0
2026-07-13T19:37:37Z	CONNECTED	connectify0	connectify0	2	2	active	5	1272987455	62519056260	7735446265	115918057184	17790268028	208912382278	-1	2.04	168196	46664	0
2026-07-13T19:38:38Z	CONNECTED	connectify0	connectify0	2	2	active	5	1275106553	62669768309	7741508620	116001797130	17813501820	209131631607	-1	2.69	167876	46664	0
2026-07-13T19:39:38Z	CONNECTED	connectify0	connectify0	2	2	active	5	1277142878	62812471948	7747565191	116079051371	17833738476	209312847492	-1	2.46	168708	46664	0
2026-07-13T19:40:38Z	CONNECTED	connectify0	connectify0	2	2	active	6	1279534765	62955073584	7753506867	116175947513	17858235712	209478248221	-1	2.82	168240	46664	0
2026-07-13T19:41:38Z	CONNECTED	connectify0	connectify0	2	2	active	6	1282751092	63094140391	7760893583	116285710404	17869445248	209623967010	-1	2.17	168068	46664	0
2026-07-13T19:42:39Z	CONNECTED	connectify0	connectify0	2	2	active	6	1285583776	63231727089	7767542346	116413388128	17884877920	209741634229	-1	1.65	168708	46664	0
2026-07-13T19:43:39Z	CONNECTED	connectify0	connectify0	2	2	active	5	1288574812	63366080772	7774555390	116519512018	17895595956	209885984691	-1	2.48	166404	46664	0
2026-07-13T19:44:39Z	CONNECTED	connectify0	connectify0	2	2	active	5	1291881289	63496183463	7782097838	116587305747	17907339016	210067937810	-1	2.23	167560	46664	0
2026-07-13T19:45:40Z	CONNECTED	connectify0	connectify0	2	2	active	5	1295492086	63635359157	7790223375	116640945210	17913998688	210281711762	-1	2.23	166784	46668	0
2026-07-13T19:46:40Z	CONNECTED	connectify0	connectify0	2	2	active	5	1299138791	63777823376	7798434070	116673202760	17921709044	210500844196	-1	2.21	166792	46668	0
2026-07-13T19:47:41Z	CONNECTED	connectify0	connectify0	2	2	active	5	1302761431	63918519059	7806607964	116741396434	17928255384	210693844637	-1	1.72	167628	46668	0
2026-07-13T19:48:41Z	CONNECTED	connectify0	connectify0	2	2	active	5	1306175664	64058165797	7814359586	116833355552	17936758712	210868500404	-1	2.11	167660	46668	0
2026-07-13T19:49:41Z	CONNECTED	connectify0	connectify0	2	2	active	5	1309082226	64198833140	7821159561	116959045955	17943019080	210998477177	-1	2.11	167156	46668	0
2026-07-13T19:50:42Z	CONNECTED	connectify0	connectify0	2	2	active	5	1312077646	64339538026	7828246684	117086592837	17956754760	211151819196	-1	1.63	167296	46668	0
2026-07-13T19:51:42Z	CONNECTED	connectify0	connectify0	2	2	active	5	1315368816	64474205941	7835935418	117170428782	17974804164	211322179674	-1	2.14	166764	46672	0
2026-07-13T19:52:42Z	CONNECTED	connectify0	connectify0	2	2	active	5	1318998371	64612961455	7843980407	117245038145	17994039064	211487034552	-1	3.28	170736	46672	0
2026-07-13T19:53:43Z	CONNECTED	connectify0	connectify0	2	2	active	5	1322555241	64751441965	7851946989	117281129541	18012021868	211689753721	-1	3.47	170268	46672	0
2026-07-13T19:54:43Z	CONNECTED	connectify0	connectify0	2	2	active	5	1325930463	64890205103	7859808156	117302408778	18021647600	211908246275	-1	3.16	170572	46672	0
2026-07-13T19:55:43Z	CONNECTED	connectify0	connectify0	2	2	active	5	1329080035	65028781333	7867394033	117319781257	18033356992	212133265582	-1	3.70	169788	46672	0
2026-07-13T19:56:43Z	CONNECTED	connectify0	connectify0	2	2	active	5	1332358125	65168321893	7875369251	117340055028	18040972220	212355445963	-1	3.63	170176	46672	0
2026-07-13T19:57:44Z	CONNECTED	connectify0	connectify0	2	2	active	5	1335219751	65317041925	7882744769	117352003179	18055362016	212595118612	-1	4.18	169524	46672	0
2026-07-13T19:58:44Z	CONNECTED	connectify0	connectify0	2	2	active	5	1338471176	65459797733	7890579783	117377569789	18064455084	212815805185	-1	4.28	169924	46672	0
2026-07-13T19:59:44Z	CONNECTED	connectify0	connectify0	2	2	active	5	1341992391	65602922497	7898594679	117409411626	18075952728	213027767075	-1	3.29	169152	46672	0
2026-07-13T20:00:45Z	CONNECTED	connectify0	connectify0	2	2	active	5	1344805249	65748651973	7905314449	117545718386	18084573480	213147475584	-1	3.35	172344	46672	0
2026-07-13T20:01:45Z	CONNECTED	connectify0	connectify0	2	2	active	5	1348034648	65893842074	7912824416	117652819541	18100288484	213288223258	-1	3.30	171988	46672	0
2026-07-13T20:02:45Z	CONNECTED	connectify0	connectify0	2	2	active	5	1351061025	66033855131	7919799908	117759835354	18118464408	213424107913	-1	3.48	172100	46672	0
2026-07-13T20:03:46Z	CONNECTED	connectify0	connectify0	2	2	active	5	1354644322	66187773304	7927744500	117832701972	18138329180	213610151260	-1	3.63	171924	46672	0
2026-07-13T20:04:46Z	CONNECTED	connectify0	connectify0	2	2	active	5	1358170035	66332508217	7935695593	117882131202	18156680020	213809491624	-1	3.23	171952	46676	0
2026-07-13T20:05:46Z	CONNECTED	connectify0	connectify0	2	2	active	5	1361403312	66472991565	7943159901	117990928584	18180007304	213954080864	-1	2.91	171380	46676	0
2026-07-13T20:06:47Z	CONNECTED	connectify0	connectify0	2	2	active	5	1365036058	66613665503	7951224076	118051907116	18203440156	214139481439	-1	2.89	171272	46676	0
2026-07-13T20:07:47Z	CONNECTED	connectify0	connectify0	2	2	active	5	1368616572	66753481498	7959450755	118128574537	18216559844	214325737539	-1	3.17	170348	46676	0
2026-07-13T20:08:48Z	CONNECTED	connectify0	connectify0	2	2	active	5	1371951011	66895563535	7967419078	118227347838	18237266200	214485797828	-1	2.49	171164	46676	0
2026-07-13T20:09:49Z	CONNECTED	connectify0	connectify0	2	2	active	5	1375729947	67034604877	7975971273	118301890022	18261548704	214692000994	-1	1.96	170036	46676	0
2026-07-13T20:10:49Z	CONNECTED	connectify0	connectify0	2	2	active	5	1379293271	67151319611	7983506810	118388368661	18275097272	214913414540	-1	1.98	170944	46676	0
2026-07-13T20:11:50Z	CONNECTED	connectify0	connectify0	2	2	active	5	1382975380	67288628503	7991985768	118513830015	18284259620	215054299545	-1	2.21	169848	46676	0
2026-07-13T20:12:50Z	CONNECTED	connectify0	connectify0	2	2	active	5	1387076646	67429355011	8000961789	118627593688	18293331904	215209073426	-1	2.92	169628	46676	0
2026-07-13T20:13:51Z	CONNECTED	connectify0	connectify0	2	2	active	5	1391088826	67573417108	8009967090	118755937901	18301500368	215325778697	-1	3.29	169188	46676	0
2026-07-13T20:14:52Z	CONNECTED	connectify0	connectify0	2	2	active	5	1395438294	67714267881	8019263102	118869045198	18309320932	215452313220	-1	3.00	170368	46676	0
2026-07-13T20:15:52Z	CONNECTED	connectify0	connectify0	2	2	active	5	1399813252	67855659076	8028535480	118981978311	18318891856	215583759743	-1	2.59	170024	46676	0
2026-07-13T20:16:53Z	CONNECTED	connectify0	connectify0	2	2	active	5	1403932894	67996214498	8037524953	119101525087	18334642628	215704511104	-1	2.39	169968	46676	0
2026-07-13T20:17:53Z	CONNECTED	connectify0	connectify0	2	2	active	5	1408173787	68138890534	8046741657	119220013879	18341599956	215828394956	-1	2.31	169812	46676	0
2026-07-13T20:18:54Z	CONNECTED	connectify0	connectify0	2	2	active	5	1413262155	68279312346	8056951119	119299070128	18354528512	215987563052	-1	2.52	169624	46676	0
2026-07-13T20:19:54Z	CONNECTED	connectify0	connectify0	2	2	active	5	1418343643	68418329450	8067019056	119335663766	18364021820	216186369344	-1	2.29	169476	46676	0
2026-07-13T20:20:54Z	CONNECTED	connectify0	connectify0	2	2	active	5	1422378362	68557936728	8075828086	119352142371	18377311152	216406806426	-1	2.50	169028	46676	0
2026-07-13T20:21:55Z	CONNECTED	connectify0	connectify0	2	2	active	5	1426239214	68698715098	8084402038	119366562914	18386032948	216629418393	-1	2.17	169032	46676	0
2026-07-13T20:22:55Z	CONNECTED	connectify0	connectify0	2	2	active	5	1429689356	68838209698	8092322324	119376195993	18392252492	216855125315	-1	1.96	169092	46676	0
2026-07-13T20:23:56Z	CONNECTED	connectify0	connectify0	2	2	active	5	1433423586	68977638251	8100723181	119390711839	18397481428	217075441615	-1	2.09	168948	46676	0
2026-07-13T20:24:56Z	CONNECTED	connectify0	connectify0	2	2	active	5	1437121075	69116584888	8109024668	119403005708	18409022260	217299327167	-1	2.25	168584	46676	0
2026-07-13T20:25:56Z	CONNECTED	connectify0	connectify0	2	2	active	5	1441435924	69258793676	8118249622	119484424551	18427658016	217460102935	-1	2.81	168588	46676	0
2026-07-13T20:26:57Z	CONNECTED	connectify0	connectify0	2	2	active	5	1445703859	69400217477	8127425889	119600288303	18443087712	217584865540	-1	3.04	168324	46676	0
2026-07-13T20:27:57Z	CONNECTED	connectify0	connectify0	2	2	active	5	1450512162	69541891411	8137326464	119697358859	18454923624	217728470137	-1	3.01	167824	46676	0
2026-07-13T20:28:58Z	CONNECTED	connectify0	connectify0	2	2	active	5	1455366920	69682116302	8147213219	119751603092	18468054396	217912845318	-1	2.67	170996	46676	0
2026-07-13T20:29:58Z	CONNECTED	connectify0	connectify0	2	2	active	5	1459993786	69823260154	8156696948	119782258865	18484154628	218122561790	-1	3.15	170752	46676	0
2026-07-13T20:30:58Z	CONNECTED	connectify0	connectify0	2	2	active	5	1464553312	69964284832	8166231849	119858364313	18501505896	218287047809	-1	2.64	170860	46676	0
2026-07-13T20:31:58Z	CONNECTED	connectify0	connectify0	2	2	active	5	1469569682	70104413089	8176177289	119912457400	18514854824	218471151804	-1	2.32	170400	46676	0
2026-07-13T20:32:59Z	CONNECTED	connectify0	connectify0	2	2	active	5	1474620686	70249849871	8186270871	119985083041	18528975896	218642894278	-1	2.50	170364	46676	0
2026-07-13T20:33:59Z	CONNECTED	connectify0	connectify0	2	2	active	5	1479150635	70392391394	8195820297	120093371597	18542742916	218776990837	-1	2.68	170272	46676	0
2026-07-13T20:35:00Z	CONNECTED	connectify0	connectify0	2	2	active	5	1484295590	70533150723	8206096362	120148236482	18552377952	218959624163	-1	2.36	169204	47348	0
2026-07-13T20:36:00Z	CONNECTED	connectify0	connectify0	2	2	active	5	1489026654	70675565791	8215744079	120217465654	18563062552	219131735158	-1	2.58	167284	47348	0
2026-07-13T20:37:01Z	CONNECTED	connectify0	connectify0	2	2	active	5	1493037076	70817986731	8224723748	120342043749	18569439740	219247449954	-1	2.03	166648	47348	0
2026-07-13T20:38:02Z	CONNECTED	connectify0	connectify0	2	2	active	5	1497754108	70968992701	8234368423	120398983043	18573299568	219438126163	-1	2.20	166960	47348	0
2026-07-13T20:39:02Z	CONNECTED	connectify0	connectify0	2	2	active	5	1502276091	71120391873	8243839480	120440311308	18577490580	219645944582	-1	3.13	165796	47348	0
2026-07-13T20:40:03Z	CONNECTED	connectify0	connectify0	2	2	active	5	1506187055	71262741984	8252391216	120564469376	18580998560	219761378932	-1	2.87	166984	47348	0
2026-07-13T20:41:03Z	CONNECTED	connectify0	connectify0	2	2	active	5	1510190467	71403969844	8261214118	120686138372	18584535800	219877951668	-1	2.50	166204	47348	0
2026-07-13T20:42:04Z	CONNECTED	connectify0	connectify0	2	2	active	5	1514506825	71548449307	8270528899	120805411899	18588449820	220002205130	-1	2.25	166892	47348	0
2026-07-13T20:43:05Z	CONNECTED	connectify0	connectify0	2	2	active	5	1518388701	71691154111	8279180765	120933637252	18592442884	220115924266	-1	2.31	165912	47348	0
2026-07-13T20:44:05Z	CONNECTED	connectify0	connectify0	2	2	active	5	1521764309	71832955170	8287127917	121069014701	18600368864	220219767758	-1	2.04	166384	47348	0
2026-07-13T20:45:05Z	CONNECTED	connectify0	connectify0	2	2	active	5	1526207979	71974709816	8296612792	121177914276	18609859664	220354326418	-1	1.95	165736	47348	0
2026-07-13T20:46:06Z	CONNECTED	connectify0	connectify0	2	2	active	5	1531351326	72116751694	8306806677	121246592846	18620438824	220525558512	-1	2.26	166012	47348	0
2026-07-13T20:47:06Z	CONNECTED	connectify0	connectify0	2	2	active	5	1534868636	72282380595	8314868186	121390789225	18623826076	220649355876	-1	2.07	165308	47348	0
2026-07-13T20:48:06Z	CONNECTED	connectify0	connectify0	2	2	active	5	1538827584	72459754998	8324011536	121525210918	18650982692	220800609925	-1	2.40	164380	47348	0
2026-07-13T20:49:07Z	CONNECTED	connectify0	connectify0	2	2	active	5	1542753872	72640826336	8332990218	121544994378	18676032784	221062912252	-1	2.40	164488	47348	0
2026-07-13T20:50:07Z	CONNECTED	connectify0	connectify0	2	2	active	5	1546709582	72817312104	8342139203	121573618899	18689246236	221320282766	-1	2.54	164560	47348	0
2026-07-13T20:51:07Z	CONNECTED	connectify0	connectify0	2	2	active	5	1550781769	72997559106	8351312606	121593706513	18709579432	221583525587	-1	2.38	164648	47348	0
2026-07-13T20:52:08Z	CONNECTED	connectify0	connectify0	2	2	active	5	1554751733	73175334873	8360454960	121676122652	18735487016	221794526633	-1	2.80	164928	47348	0
2026-07-13T20:53:08Z	CONNECTED	connectify0	connectify0	2	2	active	5	1558715770	73345781741	8369427215	121791228972	18757794016	221976911882	-1	2.95	166912	47348	0
2026-07-13T20:54:09Z	CONNECTED	connectify0	connectify0	2	2	active	5	1562443747	73500890304	8377769198	121878605039	18773067404	222150438557	-1	3.05	167944	47348	0
2026-07-13T20:55:09Z	CONNECTED	connectify0	connectify0	2	2	active	5	1566318570	73668199516	8386735907	122017612495	18789523232	222294400009	-1	2.46	167044	47348	0
2026-07-13T20:56:09Z	CONNECTED	connectify0	connectify0	2	2	active	5	1570271699	73830640003	8395713562	122065992272	18813218872	222520461268	-1	2.49	167940	47348	0
2026-07-13T20:57:09Z	CONNECTED	connectify0	connectify0	2	2	active	5	1573280519	73975083504	8403301346	122083117323	18858869072	222751591724	-1	1.86	166912	47348	0
2026-07-13T20:58:10Z	CONNECTED	connectify0	connectify0	2	2	active	5	1576377465	74131608087	8411158553	122097979339	18889672544	222994269904	-1	2.27	170264	47348	0
2026-07-13T20:59:11Z	CONNECTED	connectify0	connectify0	2	2	active	5	1580379453	74306281550	8420415887	122120721277	18930580880	223250457135	-1	2.77	169560	47348	0
2026-07-13T21:00:11Z	CONNECTED	connectify0	connectify0	2	2	active	5	1582904367	74437593996	8427662857	122141564715	18963240708	223464753373	-1	2.65	170420	47348	0
2026-07-13T21:01:12Z	CONNECTED	connectify0	connectify0	2	2	active	5	1585722641	74586457676	8434909172	122156464991	19000667852	223701710604	-1	2.54	169764	47348	0
2026-07-13T21:02:12Z	CONNECTED	connectify0	connectify0	2	2	active	5	1589368058	74751534983	8443542629	122175777138	19039833584	223950580332	-1	2.39	170232	47348	0
2026-07-13T21:03:13Z	CONNECTED	connectify0	connectify0	2	2	active	5	1593199064	74920825757	8452475947	122195886448	19073849336	224203228041	-1	3.06	169296	47348	0
2026-07-13T21:04:13Z	CONNECTED	connectify0	connectify0	2	2	active	5	1596915301	75071339236	8460826413	122227007446	19107317352	224424039145	-1	2.07	170080	47348	0
2026-07-13T21:05:13Z	CONNECTED	connectify0	connectify0	2	2	active	5	1601167655	75237653093	8470173623	122258579036	19140206556	224662099453	-1	2.71	168880	47464	0
2026-07-13T21:06:14Z	CONNECTED	connectify0	connectify0	2	2	active	5	1602520797	75294761995	8473312281	122267701219	19180696616	224755105073	-1	1.64	166372	47464	0
2026-07-13T21:07:14Z	CONNECTED	connectify0	connectify0	2	2	active	3	1602521251	75294762416	8473403943	122267711738	19192573224	224773186034	-1	1.18	165368	47464	0
2026-07-13T21:08:14Z	CONNECTED	connectify0	connectify0	2	2	active	3	1602521599	75294762962	8473446778	122267719896	19202408724	224899275495	-1	1.03	164448	47464	0
2026-07-13T21:09:14Z	CONNECTED	connectify0	connectify0	2	2	active	0	1602521861	75294763401	8473528919	122267729754	19213007128	224964779472	-1	1.23	163840	47464	0
2026-07-13T21:10:14Z	CONNECTED	connectify0	connectify0	2	2	active	0	1602526350	75294765866	8473605460	122267752166	19229392800	225005473697	-1	1.21	164536	47464	0
2026-07-13T21:11:15Z	CONNECTED	connectify0	connectify0	2	2	active	0	1602527577	75294766909	8473666646	122267763322	19239888828	225060162878	-1	1.01	164120	47464	0
2026-07-13T21:12:15Z	CONNECTED	connectify0	connectify0	2	2	active	0	1602527890	75294767407	8473727746	122267773123	19250594484	225081982019	-1	1.04	164012	47464	0
2026-07-13T21:13:15Z	CONNECTED	connectify0	connectify0	2	2	active	0	1602528184	75294767891	8473781462	122267781721	19262053876	225156222428	-1	1.04	162988	47464	0
2026-07-13T21:14:15Z	CONNECTED	connectify0	connectify0	2	2	active	0	1602528410	75294768299	8473845487	122267789628	19273870476	225196935203	-1	0.74	165740	47464	0
2026-07-13T21:15:15Z	CONNECTED	connectify0	connectify0	2	2	active	0	1602528797	75294769013	8473902821	122267803079	19285300716	225274558864	-1	0.32	166952	47468	0
2026-07-13T21:16:15Z	CONNECTED	connectify0	connectify0	2	2	active	0	1602529124	75294769490	8473956446	122267811853	19314080456	225317508301	-1	0.15	167672	47468	0
2026-07-13T21:17:15Z	CONNECTED	connectify0	connectify0	2	2	active	0	1602529405	75294769948	8474019921	122267821841	19324085388	225387824478	-1	0.49	166716	47468	0
2026-07-13T21:18:15Z	CONNECTED	connectify0	connectify0	2	2	active	0	1602529790	75294770634	8474118241	122267831770	19336778132	225460454878	-1	0.18	167316	47468	0
2026-07-13T21:19:16Z	CONNECTED	connectify0	connectify0	2	2	active	0	1602529913	75294770844	8474231546	122267841861	19347730304	225485837468	-1	0.14	166752	47468	0
2026-07-13T21:20:16Z	CONNECTED	connectify0	connectify0	2	2	active	0	1602530691	75294771526	8474280311	122267852667	19356907168	225492867747	-1	0.09	167588	47468	0
2026-07-13T21:21:16Z	CONNECTED	connectify0	connectify0	2	2	active	0	1602532520	75294772478	8474330039	122267864230	19373823468	225532597187	-1	0.03	166908	47468	0
2026-07-13T21:22:16Z	CONNECTED	connectify0	connectify0	2	2	active	0	1602533500	75294773204	8474398132	122267873548	19386008932	225601233188	-1	0.08	166520	47468	0
2026-07-13T21:23:16Z	CONNECTED	connectify0	connectify0	2	2	active	0	1602533896	75294773872	8474455456	122267884295	19494145844	225611840549	-1	0.18	167008	47468	0
2026-07-13T21:24:16Z	CONNECTED	connectify0	connectify0	2	2	active	0	1602534174	75294774347	8474504166	122267894990	19508906240	225642974249	-1	0.06	166672	47468	0
2026-07-13T21:25:16Z	CONNECTED	connectify0	connectify0	2	2	active	0	1602534320	75294774593	8474559022	122267906155	19522359012	225690760336	-1	0.20	166004	47468	0
2026-07-13T21:26:16Z	CONNECTED	connectify0	connectify0	2	2	active	0	1602534748	75294775316	8474600958	122267918333	19535042276	225724233369	-1	0.11	166136	47468	0
2026-07-13T21:27:17Z	CONNECTED	connectify0	connectify0	2	2	active	0	1602535032	75294775789	8474650274	122267927171	19550611892	225761437497	-1	0.09	165700	47468	0
2026-07-13T21:28:17Z	CONNECTED	connectify0	connectify0	2	2	active	0	1602535483	75294776546	8474726971	122267939557	19564834800	225791536544	-1	0.06	166532	47468	0
2026-07-13T21:29:17Z	CONNECTED	connectify0	connectify0	2	2	active	0	1602536770	75294777374	8474784524	122267950543	19575547312	225836595258	-1	0.31	165664	47468	0
2026-07-13T21:30:17Z	CONNECTED	connectify0	connectify0	2	2	active	0	1602536999	75294777774	8474826186	122267960809	19586212552	225879230088	-1	0.15	166236	47468	0
2026-07-13T21:31:17Z	CONNECTED	connectify0	connectify0	2	2	active	0	1602537291	75294778346	8474865543	122267971328	19598667124	225901174720	-1	0.17	166032	47468	0
# completed_at=2026-07-13T21:32:17Z
